-- モンスター
INSERT INTO monster (monster_id, name, element, another_name, created_at, updated_at) VALUES
 (1, "リオレイア","火", "雌火竜", now(), now()),
 (2, "リオレイア亜種","火", "桜火竜", now(), now()),
 (3, "リオレイア希少種","火", "金火竜", now(), now()),
 (4, "紫毒姫リオレイア", "火", "雌火竜", now(), now()),
 (5, "ヌシ・リオレイア","火", "雌火竜（二つ名）", now(), now()),
 (6, "リオレウス", "火","火竜", now(), now()),
 (7, "リオレウス亜種","火", "蒼火竜", now(), now()),
 (8, "リオレウス希少種","火", "銀火竜", now(), now()),
 (9, "黒炎王リオレウス","火", "火竜（二つ名）", now(), now()),
 (10, "ヌシ・リオレウス","火", "火竜（ヌシ）", now(), now()),
 (11, "ラギアクルス","雷", "海竜", now(), now()),
 (12, "ジンオウガ","雷", "雷狼竜", now(), now());

 -- 種族
INSERT INTO tribe (tribe_id, name_ja, name_en, monster_id, created_at, updated_at) VALUES
 (1, "飛竜種", "Flying Wyvern", 1, now(), now()),
 (2, "飛竜種", "Flying Wyvern", 2, now(), now()),
 (3, "飛竜種", "Flying Wyvern", 3, now(), now()),
 (4, "飛竜種", "Flying Wyvern", 4, now(), now()),
 (5, "飛竜種", "Flying Wyvern", 5, now(), now()),
 (6, "飛竜種", "Flying Wyvern", 6, now(), now()),
 (7, "飛竜種", "Flying Wyvern", 7, now(), now()),
 (8, "飛竜種", "Flying Wyvern", 8, now(), now()),
 (9, "飛竜種", "Flying Wyvern", 9, now(), now()),
 (10, "飛竜種", "Flying Wyvern", 10, now(), now()),
 (11, "海竜種", "Sea Wyvern", 11, now(), now()),
 (12, "牙竜種", "Fanged Wyvern", 12, now(), now());
 -- 作品
 INSERT INTO product (product_id, name, monster_id, created_at, updated_at) VALUES 
 (1, "MH", 1, now(), now()),
 (2, "MHG", 1, now(), now()),
 (3, "MHP", 1, now(), now()),
 (4, "MH2", 1, now(), now()),
 (5, "P2nd", 1, now(), now()),
 (6, "P2G", 1, now(), now()),
 (7, "P3rd", 1, now(), now()),
 (8, "MH3G", 1, now(), now()),
 (9, "MH3", 1, now(), now()),
 (10, "MH4", 1, now(), now()),
 (11, "MH4G", 1, now(), now()),
 (12, "MHX", 1, now(), now()),
 (13, "MHXX", 1, now(), now()),
 (14, "MHW", 1, now(), now()),
 (15, "MHWI", 1, now(), now()),
 (16, "MHR", 1, now(), now()),
 (17, "MHRS", 1, now(), now()),
 (2, "MHG", 2, now(), now()),
 (3, "MHP", 2, now(), now()),
 (4, "MH2", 2, now(), now()),
 (5, "P2nd", 2, now(), now()),
 (6, "P2G", 2, now(), now()),
 (8, "MH3G", 2, now(), now()),
 (10, "MH4", 2, now(), now()),
 (11, "MH4G", 2, now(), now()),
 (14, "MHW", 2, now(), now()),
 (15, "MHWI", 2, now(), now()),
 (2, "MHG", 3, now(), now()),
 (3, "MHP", 3, now(), now()),
 (4, "MH2", 3, now(), now()),
 (5, "P2nd", 3, now(), now()),
 (6, "P2G", 3, now(), now()),
 (7, "P3rd", 3, now(), now()),
 (8, "MH3G", 3, now(), now()),
 (10, "MH4", 3, now(), now()),
 (11, "MH4G", 3, now(), now()),
 (12, "MHX", 3, now(), now()),
 (13, "MHXX", 3, now(), now()),
 (15, "MHWI", 3, now(), now()),
 (17, "MHRS", 3, now(), now()),
 (12, "MHX", 4, now(), now()),
 (13, "MHXX", 4, now(), now()),
 (16, "MHR", 5, now(), now()),
 (17, "MHRS", 5, now(), now()),
 (1, "MH", 6, now(), now()),
 (2, "MHG", 6, now(), now()),
 (3, "MHP", 6, now(), now()),
 (4, "MH2", 6, now(), now()),
 (5, "P2nd", 6, now(), now()),
 (6, "P2G", 6, now(), now()),
 (7, "P3rd", 6, now(), now()),
 (8, "MH3G", 6, now(), now()),
 (9, "MH3", 6, now(), now()),
 (10, "MH4", 6, now(), now()),
 (11, "MH4G", 6, now(), now()),
 (12, "MHX", 6, now(), now()),
 (13, "MHXX", 6, now(), now()),
 (14, "MHW", 6, now(), now()),
 (15, "MHWI", 6, now(), now()),
 (16, "MHR", 6, now(), now()),
 (17, "MHRS", 6, now(), now()),
 (2, "MHG", 7, now(), now()),
 (3, "MHP", 7, now(), now()),
 (4, "MH2", 7, now(), now()),
 (5, "P2nd", 7, now(), now()),
 (6, "P2G", 7, now(), now()),
 (8, "MH3G", 7, now(), now()),
 (10, "MH4", 7, now(), now()),
 (11, "MH4G", 7, now(), now()),
 (14, "MHW", 7, now(), now()),
 (15, "MHWI", 7, now(), now()),
 (2, "MHG", 8, now(), now()),
 (3, "MHP", 8, now(), now()),
 (4, "MH2", 8, now(), now()),
 (5, "P2nd", 8, now(), now()),
 (6, "P2G", 8, now(), now()),
 (7, "P3rd", 8, now(), now()),
 (8, "MH3G", 8, now(), now()),
 (10, "MH4", 8, now(), now()),
 (11, "MH4G", 8, now(), now()),
 (12, "MHX", 8, now(), now()),
 (13, "MHXX", 8, now(), now()),
 (15, "MHWI", 8, now(), now()),
 (17, "MHRS", 8, now(), now()),
 (12, "MHX", 9, now(), now()),
 (13, "MHXX", 9, now(), now()),
 (16, "MHR", 10, now(), now()),
 (17, "MHRS", 10, now(), now());
-- ランキング
INSERT INTO ranking (ranking, vote_year, monster_id, created_at, updated_at) VALUES 
 (78, "2024", 1, now(), now()),
 (119, "2024", 2, now(), now()),
 (113, "2024", 3, now(), now()),
 (137, "2024", 4, now(), now()),
 (177, "2024", 5, now(), now()),
 (21, "2024", 6, now(), now()),
 (112, "2024", 7, now(), now()),
 (74, "2024", 8, now(), now()),
 (66, "2024", 9, now(), now()),
 (149, "2024", 10, now(), now()),
 (3, "2024", 11, now(), now()),
 (1, "2024", 12, now(), now());
-- BGM
 INSERT INTO music (monster_id, music_id, name, url, created_at, updated_at) VALUES 
 (1,1, "太古の律動/リオレイア", "jLgjOfT_elA", now(), now()),
 (2,2, "太古の律動/リオレイア", "jLgjOfT_elA", now(), now()),
 (3,3, "塔に現る幻/キリン", "u9VKblxtzyQ", now(), now()),
 (4,4, "決意を胸に灯して", "27tXmZCFtzU", now(), now()),
 (5,5, "采邑追われし赤き咆哮", "D5Qp6zUa828", now(), now()),
 (6,6, "咆哮/リオレウス", "R7OgSwgUQSQ", now(), now()),
 (7,7, "咆哮/リオレウス", "R7OgSwgUQSQ", now(), now()),
 (8,8, "塔に現る幻/キリン", "u9VKblxtzyQ", now(), now()),
 (9,9, "決意を胸に灯して", "27tXmZCFtzU", now(), now()),
 (10,10, "采邑追われし赤き咆哮", "D5Qp6zUa828", now(), now());

-- モンスターの武器
INSERT INTO `weapon` (`created_at`, `updated_at`, `deleted_at`, `weapon_id`, `name`, `image_url`, `rarerity`, `attack`, `element_attack`, `shapness`, `critical`, `description`, `skill_1`, `skill_2`) VALUES
 (NOW(), NOW(), NULL, '1', '護鎖刃弓ガルストラム', NULL, 'レア8', '288', '龍 150', NULL, '-10%', NULL, '集中LV2', NULL),
 (NOW(), NOW(), NULL, '1', 'ホープブレイドⅠ', NULL, 'レア1', '432', '無 ', NULL, NULL, NULL, NULL, NULL),
 (NOW(), NOW(), NULL, '2', 'ホープブレイドⅡ', NULL, 'レア1', '480', '無 ', NULL, NULL, NULL, '砥石使用高速化LV1', NULL),
 (NOW(), NOW(), NULL, '3', 'ケマスエスパダⅠ', NULL, 'レア1', '480', '火 140', NULL, '5%', NULL, NULL, '抜刀術【力】LV1'),
 (NOW(), NOW(), NULL, '4', 'ホープブレイドⅢ', NULL, 'レア3', '624', '無 ', NULL, NULL, NULL, '見切りLV1', '砥石使用高速化LV1'),
 (NOW(), NOW(), NULL, '5', 'ホープブレイドⅣ', NULL, 'レア5', '768', '無 ', NULL, NULL, NULL, '砥石使用高速化LV2', '見切りLV1'),
 (NOW(), NOW(), NULL, '6', 'アルラスウィングⅠ', NULL, 'レア4', '768', '火 280', NULL, '15%', NULL, '会心撃【属性】LV1', '達人芸LV1'),
 (NOW(), NOW(), NULL, '7', 'バスターソードⅠ', NULL, 'レア2', '576', '無 ', NULL, NULL, NULL, '抜刀術【技】LV1', NULL),
 (NOW(), NOW(), NULL, '8', 'バスターソードⅡ', NULL, 'レア4', '768', '無 ', NULL, NULL, NULL, '抜刀術【技】LV2', NULL);

-- アイテムテーブルのシードデータ
INSERT INTO `item` (`created_at`, `updated_at`, `deleted_at`, `item_id`, `name`, `image_url`,`monster_id`) VALUES
  (NOW(), NOW(), NULL, 'ITM0001', 'ポーション', 'https://example.com/images/items/potion.png', NULL),
  (NOW(), NOW(), NULL, 'ITM0002', '回復薬グレート', 'https://example.com/images/items/mega_potion.png', NULL),
  (NOW(), NOW(), NULL, 'ITM0003', 'ペイントボール', 'https://example.com/images/items/paint_ball.png', NULL),
  (NOW(), NOW(), NULL, 'ITM0004', 'こんがり肉', 'https://example.com/images/items/well_done_steak.png', NULL),
  (NOW(), NOW(), NULL, 'ITM0005', '砥石', 'https://example.com/images/items/whetstone.png', NULL),
  (NOW(), NOW(), NULL, 'ITM0006', '閃光玉', 'https://example.com/images/items/flash_bomb.png', NULL),
  (NOW(), NOW(), NULL, 'ITM0007', '音爆弾', 'https://example.com/images/items/sonic_bomb.png', NULL),
  (NOW(), NOW(), NULL, 'ITM0008', '罠道具', 'https://example.com/images/items/trap_tool.png', NULL),
  (NOW(), NOW(), NULL, 'ITM0009', '落とし穴', 'https://example.com/images/items/pitfall_trap.png', NULL),
  (NOW(), NOW(), NULL, 'ITM0010', 'シビレ罠', 'https://example.com/images/items/shock_trap.png', NULL),
  (NOW(), NOW(), NULL, 'ITM0011', '麻痺玉', 'https://example.com/images/items/tranq_bomb.png', NULL),
  (NOW(), NOW(), NULL, 'ITM0012', '鬼人薬', 'https://example.com/images/items/demondrug.png', NULL),
  (NOW(), NOW(), NULL, 'ITM0013', '忍耐の薬', 'https://example.com/images/items/armorskin.png', NULL),
  (NOW(), NOW(), NULL, 'ITM0014', 'ハチミツ', 'https://example.com/images/items/honey.png', NULL),
  (NOW(), NOW(), NULL, 'ITM0015', '解毒薬', 'https://example.com/images/items/antidote.png', NULL),
  (NOW(), NOW(), NULL, 'ITM0016', 'ドラグライト鉱石', 'https://example.com/images/items/dragonite_ore.png', NULL),
  (NOW(), NOW(), NULL, 'ITM0017', '大地の結晶', 'https://example.com/images/items/earth_crystal.png', NULL),
  (NOW(), NOW(), NULL, 'ITM0018', '海竜の牙', 'https://example.com/images/items/wyvern_fang.png', '11'),
  (NOW(), NOW(), NULL, 'ITM0019', 'リオレウスの鱗', 'https://example.com/images/items/rathalos_scale.png', '6'),
  (NOW(), NOW(), NULL, 'ITM0020', 'ジンオウガの電極殻', 'https://example.com/images/items/zinogre_shell.png', '12');

-- 防具テーブルのシードデータ
INSERT INTO `armor` (`created_at`, `updated_at`, `deleted_at`, `armor_id`, `name`, `slot`, `defense`, `fire_resistance`, `water_resistance`, `lightning_resistance`, `ice_resistance`, `dragon_resistance`) VALUES
  (NOW(), NOW(), NULL, '1', 'レウスヘルム', '①②③', 100, 10, 5, -10, 5, 15),
  (NOW(), NOW(), NULL, '2', 'レウスメイル', '①①②', 120, 15, 0, -5, 0, 20),
  (NOW(), NOW(), NULL, '3', 'レウスアーム', '①②', 80, 8, 3, -8, 3, 12);

-- 防具スキルテーブルのシードデータ
INSERT INTO `armor_skill` (`created_at`, `updated_at`, `deleted_at`, `armor_id`, `skill_id`, `skill_name`) VALUES
  (NOW(), NOW(), NULL, '1', '1', '攻撃LV1'),
  (NOW(), NOW(), NULL, '1', '2', '火属性攻撃強化LV1'),
  (NOW(), NOW(), NULL, '2', '1', '攻撃LV2'),
  (NOW(), NOW(), NULL, '2', '3', '体力増強LV1'),
  (NOW(), NOW(), NULL, '3', '4', '見切りLV1');

-- 防具必要素材テーブルのシードデータ
INSERT INTO `armor_required_item` (`created_at`, `updated_at`, `deleted_at`, `armor_id`, `item_id`, `item_name`) VALUES
  (NOW(), NOW(), NULL, '1', 'ITM0019', 'リオレウスの鱗'),
  (NOW(), NOW(), NULL, '1', 'ITM0016', 'ドラグライト鉱石'),
  (NOW(), NOW(), NULL, '2', 'ITM0019', 'リオレウスの鱗'),
  (NOW(), NOW(), NULL, '2', 'ITM0017', '大地の結晶'),
  (NOW(), NOW(), NULL, '3', 'ITM0019', 'リオレウスの鱗');
