-- モンスター
INSERT INTO monster (monster_id, name, created_at, updated_at) VALUES 
 (1, "リオレイア", now(), now()),
 (2, "リオレイア亜種", now(), now()),
 (3, "リオレイア希少種", now(), now()),
 (4, "紫毒姫リオレイア", now(), now()),
 (5, "ヌシ・リオレイア", now(), now()),
 (6, "リオレウス", now(), now()),
 (7, "リオレウス亜種", now(), now()),
 (8, "リオレウス希少種", now(), now()),
 (9, "黒炎王リオレウス", now(), now()),
 (10, "ヌシ・リオレウス", now(), now());
 -- 種族
INSERT INTO tribe (tribe_id, name_ja, name_en, monster_id, created_at, updated_at) VALUES
 (1, "飛竜種", "Flying Wyvern", 1, now(), now()),
 (2, "飛竜種", "Flying Wyvern", 2, now(), now()),
 (3, "飛竜種", "Flying Wyvern", 3, now(), now()),
 (4, "飛竜種", "Flying Wyvern", 4, now(), now()),
 (5, "飛竜種", "Flying Wyvern", 5, now(), now()),
 (6, "飛竜種", "Flying Wyvern", 6, now(), now()),
 (7, "飛竜種", "Flying Wyvern", 7, now(), now()),
 (8, "飛竜種", "Flying Wyvern", 8, now(), now()),
 (9, "飛竜種", "Flying Wyvern", 9, now(), now()),
 (10, "飛竜種", "Flying Wyvern", 10, now(), now());
 -- 作品
 INSERT INTO product (product_id, name, monster_id, created_at, updated_at) VALUES 
 (1, "MH", 1, now(), now()),
 (2, "MHG", 1, now(), now()),
 (3, "MHP", 1, now(), now()),
 (4, "MH2", 1, now(), now()),
 (5, "P2nd", 1, now(), now()),
 (6, "P2G", 1, now(), now()),
 (7, "P3rd", 1, now(), now()),
 (8, "MH3G", 1, now(), now()),
 (9, "MH3", 1, now(), now()),
 (10, "MH4", 1, now(), now()),
 (11, "MH4G", 1, now(), now()),
 (12, "MHX", 1, now(), now()),
 (13, "MHXX", 1, now(), now()),
 (14, "MHW", 1, now(), now()),
 (15, "MHWI", 1, now(), now()),
 (16, "MHR", 1, now(), now()),
 (17, "MHRS", 1, now(), now()),
 (2, "MHG", 2, now(), now()),
 (3, "MHP", 2, now(), now()),
 (4, "MH2", 2, now(), now()),
 (5, "P2nd", 2, now(), now()),
 (6, "P2G", 2, now(), now()),
 (8, "MH3G", 2, now(), now()),
 (10, "MH4", 2, now(), now()),
 (11, "MH4G", 2, now(), now()),
 (14, "MHW", 2, now(), now()),
 (15, "MHWI", 2, now(), now()),
 (2, "MHG", 3, now(), now()),
 (3, "MHP", 3, now(), now()),
 (4, "MH2", 3, now(), now()),
 (5, "P2nd", 3, now(), now()),
 (6, "P2G", 3, now(), now()),
 (7, "P3rd", 3, now(), now()),
 (8, "MH3G", 3, now(), now()),
 (10, "MH4", 3, now(), now()),
 (11, "MH4G", 3, now(), now()),
 (12, "MHX", 3, now(), now()),
 (13, "MHXX", 3, now(), now()),
 (15, "MHWI", 3, now(), now()),
 (17, "MHRS", 3, now(), now()),
 (12, "MHX", 4, now(), now()),
 (13, "MHXX", 4, now(), now()),
 (16, "MHR", 5, now(), now()),
 (17, "MHRS", 5, now(), now()),
 (1, "MH", 6, now(), now()),
 (2, "MHG", 6, now(), now()),
 (3, "MHP", 6, now(), now()),
 (4, "MH2", 6, now(), now()),
 (5, "P2nd", 6, now(), now()),
 (6, "P2G", 6, now(), now()),
 (7, "P3rd", 6, now(), now()),
 (8, "MH3G", 6, now(), now()),
 (9, "MH3", 6, now(), now()),
 (10, "MH4", 6, now(), now()),
 (11, "MH4G", 6, now(), now()),
 (12, "MHX", 6, now(), now()),
 (13, "MHXX", 6, now(), now()),
 (14, "MHW", 6, now(), now()),
 (15, "MHWI", 6, now(), now()),
 (16, "MHR", 6, now(), now()),
 (17, "MHRS", 6, now(), now()),
 (2, "MHG", 7, now(), now()),
 (3, "MHP", 7, now(), now()),
 (4, "MH2", 7, now(), now()),
 (5, "P2nd", 7, now(), now()),
 (6, "P2G", 7, now(), now()),
 (8, "MH3G", 7, now(), now()),
 (10, "MH4", 7, now(), now()),
 (11, "MH4G", 7, now(), now()),
 (14, "MHW", 7, now(), now()),
 (15, "MHWI", 7, now(), now()),
 (2, "MHG", 8, now(), now()),
 (3, "MHP", 8, now(), now()),
 (4, "MH2", 8, now(), now()),
 (5, "P2nd", 8, now(), now()),
 (6, "P2G", 8, now(), now()),
 (7, "P3rd", 8, now(), now()),
 (8, "MH3G", 8, now(), now()),
 (10, "MH4", 8, now(), now()),
 (11, "MH4G", 8, now(), now()),
 (12, "MHX", 8, now(), now()),
 (13, "MHXX", 8, now(), now()),
 (15, "MHWI", 8, now(), now()),
 (17, "MHRS", 8, now(), now()),
 (12, "MHX", 9, now(), now()),
 (13, "MHXX", 9, now(), now()),
 (16, "MHR", 10, now(), now()),
 (17, "MHRS", 10, now(), now());
-- ランキング
INSERT INTO ranking (ranking, vote_year, monster_id, created_at, updated_at) VALUES 
 (78, "2024", 1, now(), now()),
 (119, "2024", 2, now(), now()),
 (113, "2024", 3, now(), now()),
 (137, "2024", 4, now(), now()),
 (177, "2024", 5, now(), now()),
 (21, "2024", 6, now(), now()),
 (112, "2024", 7, now(), now()),
 (74, "2024", 8, now(), now()),
 (66, "2024", 9, now(), now()),
 (149, "2024", 10, now(), now());
-- BGM
 INSERT INTO music (monster_id, music_id, name, image_url, created_at, updated_at) VALUES 
 (1,1, "太古の律動/リオレイア", "jLgjOfT_elA", now(), now()),
 (2,2, "太古の律動/リオレイア", "jLgjOfT_elA", now(), now()),
 (3,3, "塔に現る幻/キリン", "u9VKblxtzyQ", now(), now()),
 (4,4, "決意を胸に灯して", "27tXmZCFtzU", now(), now()),
 (5,5, "采邑追われし赤き咆哮", "D5Qp6zUa828", now(), now()),
 (6,6, "咆哮/リオレウス", "R7OgSwgUQSQ", now(), now()),
 (7,7, "咆哮/リオレウス", "R7OgSwgUQSQ", now(), now()),
 (8,8, "塔に現る幻/キリン", "u9VKblxtzyQ", now(), now()),
 (9,9, "決意を胸に灯して", "27tXmZCFtzU", now(), now()),
 (10,10, "采邑追われし赤き咆哮", "D5Qp6zUa828", now(), now());
