-- モンスター
INSERT INTO monster (monster_id, name, created_at, updated_at) VALUES (1, "リオレイア", now(), now());
INSERT INTO monster (monster_id, name, created_at, updated_at) VALUES (2, "リオレイア亜種", now(), now());
INSERT INTO monster (monster_id, name, created_at, updated_at) VALUES (3, "リオレイア希少種", now(), now());
INSERT INTO monster (monster_id, name, created_at, updated_at) VALUES (4, "紫毒姫リオレイア", now(), now());
INSERT INTO monster (monster_id, name, created_at, updated_at) VALUES (5, "ヌシ・リオレイア", now(), now());
INSERT INTO monster (monster_id, name, created_at, updated_at) VALUES (6, "リオレウス", now(), now());
INSERT INTO monster (monster_id, name, created_at, updated_at) VALUES (7, "リオレウス亜種", now(), now());
INSERT INTO monster (monster_id, name, created_at, updated_at) VALUES (8, "リオレウス希少種", now(), now());
INSERT INTO monster (monster_id, name, created_at, updated_at) VALUES (9, "黒炎王リオレウス", now(), now());
INSERT INTO monster (monster_id, name, created_at, updated_at) VALUES (10, "ヌシ・リオレウス", now(), now());
INSERT INTO monster (monster_id, name, created_at, updated_at) VALUES (11, "フルフル", now(), now());
INSERT INTO monster (monster_id, name, created_at, updated_at) VALUES (12, "フルフル亜種", now(), now());
INSERT INTO monster (monster_id, name, created_at, updated_at) VALUES (13, "バサルモス", now(), now());
INSERT INTO monster (monster_id, name, created_at, updated_at) VALUES (14, "バサルモス亜種", now(), now());
INSERT INTO monster (monster_id, name, created_at, updated_at) VALUES (15, "グラビモス", now(), now());
INSERT INTO monster (monster_id, name, created_at, updated_at) VALUES (16, "グラビモス亜種", now(), now());
INSERT INTO monster (monster_id, name, created_at, updated_at) VALUES (17, "モノブロス", now(), now());
INSERT INTO monster (monster_id, name, created_at, updated_at) VALUES (18, "モノブロス亜種", now(), now());
INSERT INTO monster (monster_id, name, created_at, updated_at) VALUES (19, "ディアブロス", now(), now());
INSERT INTO monster (monster_id, name, created_at, updated_at) VALUES (20, "ディアブロス亜種", now(), now());
INSERT INTO monster (monster_id, name, created_at, updated_at) VALUES (21, "鏖魔ディアブロス", now(), now());
INSERT INTO monster (monster_id, name, created_at, updated_at) VALUES (22, "ヌシ・ディアブロス", now(), now());
INSERT INTO monster (monster_id, name, created_at, updated_at) VALUES (23, "イャンクック", now(), now());
INSERT INTO monster (monster_id, name, created_at, updated_at) VALUES (24, "イャンクック亜種", now(), now());
INSERT INTO monster (monster_id, name, created_at, updated_at) VALUES (25, "ゲリョス", now(), now());
INSERT INTO monster (monster_id, name, created_at, updated_at) VALUES (26, "ゲリョス亜種", now(), now());
INSERT INTO monster (monster_id, name, created_at, updated_at) VALUES (27, "ガノトトス", now(), now());
INSERT INTO monster (monster_id, name, created_at, updated_at) VALUES (28, "ガノトトス亜種", now(), now());
INSERT INTO monster (monster_id, name, created_at, updated_at) VALUES (29, "キリン", now(), now());
INSERT INTO monster (monster_id, name, created_at, updated_at) VALUES (30, "キリン亜種", now(), now());
INSERT INTO monster (monster_id, name, created_at, updated_at) VALUES (31, "ラオシャンロン", now(), now());
INSERT INTO monster (monster_id, name, created_at, updated_at) VALUES (32, "ラオシャンロン亜種", now(), now());
INSERT INTO monster (monster_id, name, created_at, updated_at) VALUES (33, "黒龍 ミラボレアス", now(), now());
INSERT INTO monster (monster_id, name, created_at, updated_at) VALUES (34, "紅龍 ミラボレアス", now(), now());
INSERT INTO monster (monster_id, name, created_at, updated_at) VALUES (35, "祖龍 ミラボレアス", now(), now());
INSERT INTO monster (monster_id, name, created_at, updated_at) VALUES (36, "ドスランポス", now(), now());
INSERT INTO monster (monster_id, name, created_at, updated_at) VALUES (37, "ドスゲネポス", now(), now());
INSERT INTO monster (monster_id, name, created_at, updated_at) VALUES (38, "ドスイーオス", now(), now());
INSERT INTO monster (monster_id, name, created_at, updated_at) VALUES (39, "ドスガレオス", now(), now());
INSERT INTO monster (monster_id, name, created_at, updated_at) VALUES (40, "イャンガルルガ", now(), now());
INSERT INTO monster (monster_id, name, created_at, updated_at) VALUES (41, "隻眼イャンガルルガ", now(), now());
INSERT INTO monster (monster_id, name, created_at, updated_at) VALUES (42, "傷ついた\nイャンガルルガ", now(), now());
INSERT INTO monster (monster_id, name, created_at, updated_at) VALUES (43, "ダイミョウザザミ", now(), now());
INSERT INTO monster (monster_id, name, created_at, updated_at) VALUES (44, "ダイミョウザザミ\n亜種", now(), now());
INSERT INTO monster (monster_id, name, created_at, updated_at) VALUES (45, "矛砕\nダイミョウザザミ", now(), now());
INSERT INTO monster (monster_id, name, created_at, updated_at) VALUES (46, "ショウグンギザミ", now(), now());
INSERT INTO monster (monster_id, name, created_at, updated_at) VALUES (47, "ショウグンギザミ\n亜種", now(), now());
INSERT INTO monster (monster_id, name, created_at, updated_at) VALUES (48, "鎧裂\nショウグンギザミ", now(), now());
INSERT INTO monster (monster_id, name, created_at, updated_at) VALUES (49, "ババコンガ", now(), now());
INSERT INTO monster (monster_id, name, created_at, updated_at) VALUES (50, "ババコンガ亜種", now(), now());
INSERT INTO monster (monster_id, name, created_at, updated_at) VALUES (51, "ドドブランゴ", now(), now());
INSERT INTO monster (monster_id, name, created_at, updated_at) VALUES (52, "ドドブランゴ亜種", now(), now());
INSERT INTO monster (monster_id, name, created_at, updated_at) VALUES (53, "ラージャン", now(), now());
INSERT INTO monster (monster_id, name, created_at, updated_at) VALUES (54, "激昂したラージャン", now(), now());
INSERT INTO monster (monster_id, name, created_at, updated_at) VALUES (55, "クシャルダオラ", now(), now());
INSERT INTO monster (monster_id, name, created_at, updated_at) VALUES (56, "錆びた\nクシャルダオラ", now(), now());
INSERT INTO monster (monster_id, name, created_at, updated_at) VALUES (57, "傀異克服\nクシャルダオラ", now(), now());
INSERT INTO monster (monster_id, name, created_at, updated_at) VALUES (58, "オオナズチ", now(), now());
INSERT INTO monster (monster_id, name, created_at, updated_at) VALUES (59, "傀異克服オオナズチ", now(), now());
INSERT INTO monster (monster_id, name, created_at, updated_at) VALUES (60, "ナナ・テスカトリ", now(), now());
INSERT INTO monster (monster_id, name, created_at, updated_at) VALUES (61, "テオ・テスカトル", now(), now());
INSERT INTO monster (monster_id, name, created_at, updated_at) VALUES (62, "傀異克服\nテオ・テスカトル", now(), now());
INSERT INTO monster (monster_id, name, created_at, updated_at) VALUES (63, "シェンガオレン", now(), now());
INSERT INTO monster (monster_id, name, created_at, updated_at) VALUES (64, "ヤマツカミ", now(), now());
INSERT INTO monster (monster_id, name, created_at, updated_at) VALUES (65, "ドスファンゴ", now(), now());
INSERT INTO monster (monster_id, name, created_at, updated_at) VALUES (66, "キングチャチャブー", now(), now());
INSERT INTO monster (monster_id, name, created_at, updated_at) VALUES (67, "ティガレックス", now(), now());
INSERT INTO monster (monster_id, name, created_at, updated_at) VALUES (68, "ティガレックス亜種", now(), now());
INSERT INTO monster (monster_id, name, created_at, updated_at) VALUES (69, "ティガレックス\n希少種", now(), now());
INSERT INTO monster (monster_id, name, created_at, updated_at) VALUES (70, "荒鉤爪\nティガレックス", now(), now());
INSERT INTO monster (monster_id, name, created_at, updated_at) VALUES (71, "アカムトルム", now(), now());
INSERT INTO monster (monster_id, name, created_at, updated_at) VALUES (72, "ドスギアノス", now(), now());
INSERT INTO monster (monster_id, name, created_at, updated_at) VALUES (73, "ヒプノック", now(), now());
INSERT INTO monster (monster_id, name, created_at, updated_at) VALUES (74, "ヴォルガノス", now(), now());
INSERT INTO monster (monster_id, name, created_at, updated_at) VALUES (75, "ナルガクルガ", now(), now());
INSERT INTO monster (monster_id, name, created_at, updated_at) VALUES (76, "ナルガクルガ亜種", now(), now());
INSERT INTO monster (monster_id, name, created_at, updated_at) VALUES (77, "ナルガクルガ希少種", now(), now());
INSERT INTO monster (monster_id, name, created_at, updated_at) VALUES (78, "白疾風ナルガクルガ", now(), now());
INSERT INTO monster (monster_id, name, created_at, updated_at) VALUES (79, "ウカムルバス", now(), now());
INSERT INTO monster (monster_id, name, created_at, updated_at) VALUES (80, "クイーンランゴスタ", now(), now());
INSERT INTO monster (monster_id, name, created_at, updated_at) VALUES (81, "クルペッコ", now(), now());
INSERT INTO monster (monster_id, name, created_at, updated_at) VALUES (82, "クルペッコ亜種", now(), now());
INSERT INTO monster (monster_id, name, created_at, updated_at) VALUES (83, "ギギネブラ", now(), now());
INSERT INTO monster (monster_id, name, created_at, updated_at) VALUES (84, "ギギネブラ亜種", now(), now());
INSERT INTO monster (monster_id, name, created_at, updated_at) VALUES (85, "ベリオロス", now(), now());
INSERT INTO monster (monster_id, name, created_at, updated_at) VALUES (86, "ベリオロス亜種", now(), now());
INSERT INTO monster (monster_id, name, created_at, updated_at) VALUES (87, "氷刃佩くベリオロス", now(), now());
INSERT INTO monster (monster_id, name, created_at, updated_at) VALUES (88, "イビルジョー", now(), now());
INSERT INTO monster (monster_id, name, created_at, updated_at) VALUES (89, "怒り喰らう\nイビルジョー", now(), now());
INSERT INTO monster (monster_id, name, created_at, updated_at) VALUES (90, "ボルボロス", now(), now());
INSERT INTO monster (monster_id, name, created_at, updated_at) VALUES (91, "ボルボロス亜種", now(), now());
INSERT INTO monster (monster_id, name, created_at, updated_at) VALUES (92, "ウラガンキン", now(), now());
INSERT INTO monster (monster_id, name, created_at, updated_at) VALUES (93, "ウラガンキン亜種", now(), now());
INSERT INTO monster (monster_id, name, created_at, updated_at) VALUES (94, "宝纏ウラガンキン", now(), now());
INSERT INTO monster (monster_id, name, created_at, updated_at) VALUES (95, "ラギアクルス", now(), now());
INSERT INTO monster (monster_id, name, created_at, updated_at) VALUES (96, "ラギアクルス亜種", now(), now());
INSERT INTO monster (monster_id, name, created_at, updated_at) VALUES (97, "ラギアクルス希少種", now(), now());
INSERT INTO monster (monster_id, name, created_at, updated_at) VALUES (98, "ロアルドロス", now(), now());
INSERT INTO monster (monster_id, name, created_at, updated_at) VALUES (99, "ロアルドロス亜種", now(), now());
INSERT INTO monster (monster_id, name, created_at, updated_at) VALUES (100, "チャナガブル", now(), now());
INSERT INTO monster (monster_id, name, created_at, updated_at) VALUES (101, "アグナコトル", now(), now());
INSERT INTO monster (monster_id, name, created_at, updated_at) VALUES (102, "アグナコトル亜種", now(), now());
INSERT INTO monster (monster_id, name, created_at, updated_at) VALUES (103, "アルバトリオン", now(), now());
INSERT INTO monster (monster_id, name, created_at, updated_at) VALUES (104, "ジエン・モーラン", now(), now());
INSERT INTO monster (monster_id, name, created_at, updated_at) VALUES (105, "ジエン・モーラン\n亜種", now(), now());
INSERT INTO monster (monster_id, name, created_at, updated_at) VALUES (106, "ナバルデウス", now(), now());
INSERT INTO monster (monster_id, name, created_at, updated_at) VALUES (107, "ナバルデウス亜種", now(), now());
INSERT INTO monster (monster_id, name, created_at, updated_at) VALUES (108, "ドスジャギィ", now(), now());
INSERT INTO monster (monster_id, name, created_at, updated_at) VALUES (109, "ドスバギィ", now(), now());
INSERT INTO monster (monster_id, name, created_at, updated_at) VALUES (110, "ドボルベルク", now(), now());
INSERT INTO monster (monster_id, name, created_at, updated_at) VALUES (111, "ドボルベルク亜種", now(), now());
INSERT INTO monster (monster_id, name, created_at, updated_at) VALUES (112, "ハプルボッカ", now(), now());
INSERT INTO monster (monster_id, name, created_at, updated_at) VALUES (113, "ジンオウガ", now(), now());
INSERT INTO monster (monster_id, name, created_at, updated_at) VALUES (114, "ジンオウガ亜種", now(), now());
INSERT INTO monster (monster_id, name, created_at, updated_at) VALUES (115, "金雷公ジンオウガ", now(), now());
INSERT INTO monster (monster_id, name, created_at, updated_at) VALUES (116, "ヌシ・ジンオウガ", now(), now());
INSERT INTO monster (monster_id, name, created_at, updated_at) VALUES (117, "アマツマガツチ", now(), now());
INSERT INTO monster (monster_id, name, created_at, updated_at) VALUES (118, "ドスフロギィ", now(), now());
INSERT INTO monster (monster_id, name, created_at, updated_at) VALUES (119, "アオアシラ", now(), now());
INSERT INTO monster (monster_id, name, created_at, updated_at) VALUES (120, "紅兜アオアシラ", now(), now());
INSERT INTO monster (monster_id, name, created_at, updated_at) VALUES (121, "ヌシ・アオアシラ", now(), now());
INSERT INTO monster (monster_id, name, created_at, updated_at) VALUES (122, "ウルクスス", now(), now());
INSERT INTO monster (monster_id, name, created_at, updated_at) VALUES (123, "大雪主ウルクスス", now(), now());
INSERT INTO monster (monster_id, name, created_at, updated_at) VALUES (124, "ラングロトラ", now(), now());
INSERT INTO monster (monster_id, name, created_at, updated_at) VALUES (125, "ブラキディオス", now(), now());
INSERT INTO monster (monster_id, name, created_at, updated_at) VALUES (126, "猛り爆ぜる\nブラキディオス", now(), now());
INSERT INTO monster (monster_id, name, created_at, updated_at) VALUES (127, "グラン・ミラオス", now(), now());
INSERT INTO monster (monster_id, name, created_at, updated_at) VALUES (128, "ケチャワチャ", now(), now());
INSERT INTO monster (monster_id, name, created_at, updated_at) VALUES (129, "ケチャワチャ亜種", now(), now());
INSERT INTO monster (monster_id, name, created_at, updated_at) VALUES (130, "テツカブラ", now(), now());
INSERT INTO monster (monster_id, name, created_at, updated_at) VALUES (131, "テツカブラ亜種", now(), now());
INSERT INTO monster (monster_id, name, created_at, updated_at) VALUES (132, "岩穿テツカブラ", now(), now());
INSERT INTO monster (monster_id, name, created_at, updated_at) VALUES (133, "ザボアザギル", now(), now());
INSERT INTO monster (monster_id, name, created_at, updated_at) VALUES (134, "ザボアザギル亜種", now(), now());
INSERT INTO monster (monster_id, name, created_at, updated_at) VALUES (135, "ガララアジャラ", now(), now());
INSERT INTO monster (monster_id, name, created_at, updated_at) VALUES (136, "ガララアジャラ亜種", now(), now());
INSERT INTO monster (monster_id, name, created_at, updated_at) VALUES (137, "ゲネル・セルタス", now(), now());
INSERT INTO monster (monster_id, name, created_at, updated_at) VALUES (138, "ゲネル・セルタス\n亜種", now(), now());
INSERT INTO monster (monster_id, name, created_at, updated_at) VALUES (139, "ネルスキュラ", now(), now());
INSERT INTO monster (monster_id, name, created_at, updated_at) VALUES (140, "ネルスキュラ亜種", now(), now());
INSERT INTO monster (monster_id, name, created_at, updated_at) VALUES (141, "ゴア・マガラ", now(), now());
INSERT INTO monster (monster_id, name, created_at, updated_at) VALUES (142, "渾沌に呻く\nゴア・マガラ", now(), now());
INSERT INTO monster (monster_id, name, created_at, updated_at) VALUES (143, "シャガルマガラ", now(), now());
INSERT INTO monster (monster_id, name, created_at, updated_at) VALUES (144, "傀異克服\nシャガルマガラ", now(), now());
INSERT INTO monster (monster_id, name, created_at, updated_at) VALUES (145, "ダレン・モーラン", now(), now());
INSERT INTO monster (monster_id, name, created_at, updated_at) VALUES (146, "ダラ・アマデュラ", now(), now());
INSERT INTO monster (monster_id, name, created_at, updated_at) VALUES (147, "ダラ・アマデュラ\n亜種", now(), now());
INSERT INTO monster (monster_id, name, created_at, updated_at) VALUES (148, "アルセルタス", now(), now());
INSERT INTO monster (monster_id, name, created_at, updated_at) VALUES (149, "アルセルタス亜種", now(), now());
INSERT INTO monster (monster_id, name, created_at, updated_at) VALUES (150, "セルレギオス", now(), now());
INSERT INTO monster (monster_id, name, created_at, updated_at) VALUES (151, "ゴグマジオス", now(), now());
INSERT INTO monster (monster_id, name, created_at, updated_at) VALUES (152, "ホロロホルル", now(), now());
INSERT INTO monster (monster_id, name, created_at, updated_at) VALUES (153, "朧隠ホロロホルル", now(), now());
INSERT INTO monster (monster_id, name, created_at, updated_at) VALUES (154, "ディノバルド", now(), now());
INSERT INTO monster (monster_id, name, created_at, updated_at) VALUES (155, "ディノバルド亜種", now(), now());
INSERT INTO monster (monster_id, name, created_at, updated_at) VALUES (156, "燼滅刃ディノバルド", now(), now());
INSERT INTO monster (monster_id, name, created_at, updated_at) VALUES (157, "ライゼクス", now(), now());
INSERT INTO monster (monster_id, name, created_at, updated_at) VALUES (158, "青電主ライゼクス", now(), now());
INSERT INTO monster (monster_id, name, created_at, updated_at) VALUES (159, "タマミツネ", now(), now());
INSERT INTO monster (monster_id, name, created_at, updated_at) VALUES (160, "タマミツネ希少種", now(), now());
INSERT INTO monster (monster_id, name, created_at, updated_at) VALUES (161, "天眼タマミツネ", now(), now());
INSERT INTO monster (monster_id, name, created_at, updated_at) VALUES (162, "ヌシ・タマミツネ", now(), now());
INSERT INTO monster (monster_id, name, created_at, updated_at) VALUES (163, "ガムート", now(), now());
INSERT INTO monster (monster_id, name, created_at, updated_at) VALUES (164, "銀嶺ガムート", now(), now());
INSERT INTO monster (monster_id, name, created_at, updated_at) VALUES (165, "オストガロア", now(), now());
INSERT INTO monster (monster_id, name, created_at, updated_at) VALUES (166, "ドスマッカォ", now(), now());
INSERT INTO monster (monster_id, name, created_at, updated_at) VALUES (167, "バルファルク", now(), now());
INSERT INTO monster (monster_id, name, created_at, updated_at) VALUES (168, "奇しき赫耀の\nバルファルク", now(), now());
INSERT INTO monster (monster_id, name, created_at, updated_at) VALUES (169, "傀異克服\nバルファルク", now(), now());
INSERT INTO monster (monster_id, name, created_at, updated_at) VALUES (170, "アトラル・ネセト", now(), now());
INSERT INTO monster (monster_id, name, created_at, updated_at) VALUES (171, "アトラル・カ", now(), now());
INSERT INTO monster (monster_id, name, created_at, updated_at) VALUES (172, "マガイマガド", now(), now());
INSERT INTO monster (monster_id, name, created_at, updated_at) VALUES (173, "怨嗟響めく\nマガイマガド", now(), now());
INSERT INTO monster (monster_id, name, created_at, updated_at) VALUES (174, "ビシュテンゴ", now(), now());
INSERT INTO monster (monster_id, name, created_at, updated_at) VALUES (175, "ビシュテンゴ亜種", now(), now());
INSERT INTO monster (monster_id, name, created_at, updated_at) VALUES (176, "アケノシルム", now(), now());
INSERT INTO monster (monster_id, name, created_at, updated_at) VALUES (177, "ヨツミワドウ", now(), now());
INSERT INTO monster (monster_id, name, created_at, updated_at) VALUES (178, "イソネミクニ", now(), now());
INSERT INTO monster (monster_id, name, created_at, updated_at) VALUES (179, "イソネミクニ亜種", now(), now());
INSERT INTO monster (monster_id, name, created_at, updated_at) VALUES (180, "ヤツカダキ", now(), now());
INSERT INTO monster (monster_id, name, created_at, updated_at) VALUES (181, "ヤツカダキ亜種", now(), now());
INSERT INTO monster (monster_id, name, created_at, updated_at) VALUES (182, "オロミドロ", now(), now());
INSERT INTO monster (monster_id, name, created_at, updated_at) VALUES (183, "オロミドロ亜種", now(), now());
INSERT INTO monster (monster_id, name, created_at, updated_at) VALUES (184, "イブシマキヒコ", now(), now());
INSERT INTO monster (monster_id, name, created_at, updated_at) VALUES (185, "ゴシャハギ", now(), now());
INSERT INTO monster (monster_id, name, created_at, updated_at) VALUES (186, "オサイズチ", now(), now());
INSERT INTO monster (monster_id, name, created_at, updated_at) VALUES (187, "ナルハタタヒメ", now(), now());
INSERT INTO monster (monster_id, name, created_at, updated_at) VALUES (188, "百竜ノ淵源\nナルハタタヒメ", now(), now());
INSERT INTO monster (monster_id, name, created_at, updated_at) VALUES (189, "アンジャナフ", now(), now());
INSERT INTO monster (monster_id, name, created_at, updated_at) VALUES (190, "アンジャナフ亜種", now(), now());
INSERT INTO monster (monster_id, name, created_at, updated_at) VALUES (191, "ドスジャグラス", now(), now());
INSERT INTO monster (monster_id, name, created_at, updated_at) VALUES (192, "プケプケ", now(), now());
INSERT INTO monster (monster_id, name, created_at, updated_at) VALUES (193, "プケプケ亜種", now(), now());
INSERT INTO monster (monster_id, name, created_at, updated_at) VALUES (194, "ネルギガンテ", now(), now());
INSERT INTO monster (monster_id, name, created_at, updated_at) VALUES (195, "悉くを殲ぼす\nネルギガンテ", now(), now());
INSERT INTO monster (monster_id, name, created_at, updated_at) VALUES (196, "ムフェト・ジーヴァ", now(), now());
INSERT INTO monster (monster_id, name, created_at, updated_at) VALUES (197, "ゼノ・ジーヴァ", now(), now());
INSERT INTO monster (monster_id, name, created_at, updated_at) VALUES (198, "ゾラ・マグダラオス", now(), now());
INSERT INTO monster (monster_id, name, created_at, updated_at) VALUES (199, "クルルヤック", now(), now());
INSERT INTO monster (monster_id, name, created_at, updated_at) VALUES (200, "ジュラトドス", now(), now());
INSERT INTO monster (monster_id, name, created_at, updated_at) VALUES (201, "トビカガチ", now(), now());
INSERT INTO monster (monster_id, name, created_at, updated_at) VALUES (202, "トビカガチ亜種", now(), now());
INSERT INTO monster (monster_id, name, created_at, updated_at) VALUES (203, "パオウルムー", now(), now());
INSERT INTO monster (monster_id, name, created_at, updated_at) VALUES (204, "パオウルムー亜種", now(), now());
INSERT INTO monster (monster_id, name, created_at, updated_at) VALUES (205, "レイギエナ", now(), now());
INSERT INTO monster (monster_id, name, created_at, updated_at) VALUES (206, "凍て刺すレイギエナ", now(), now());
INSERT INTO monster (monster_id, name, created_at, updated_at) VALUES (207, "ドスギルオス", now(), now());
INSERT INTO monster (monster_id, name, created_at, updated_at) VALUES (208, "オドガロン", now(), now());
INSERT INTO monster (monster_id, name, created_at, updated_at) VALUES (209, "オドガロン亜種", now(), now());
INSERT INTO monster (monster_id, name, created_at, updated_at) VALUES (210, "ラドバルキン", now(), now());
INSERT INTO monster (monster_id, name, created_at, updated_at) VALUES (211, "ヴァルハザク", now(), now());
INSERT INTO monster (monster_id, name, created_at, updated_at) VALUES (212, "死を纏う\nヴァルハザク", now(), now());
INSERT INTO monster (monster_id, name, created_at, updated_at) VALUES (213, "ドドガマル", now(), now());
INSERT INTO monster (monster_id, name, created_at, updated_at) VALUES (214, "マム・タロト", now(), now());
INSERT INTO monster (monster_id, name, created_at, updated_at) VALUES (215, "バゼルギウス", now(), now());
INSERT INTO monster (monster_id, name, created_at, updated_at) VALUES (216, "紅蓮滾る\nバゼルギウス", now(), now());
INSERT INTO monster (monster_id, name, created_at, updated_at) VALUES (217, "ツィツィヤック", now(), now());
INSERT INTO monster (monster_id, name, created_at, updated_at) VALUES (218, "ブラントドス", now(), now());
INSERT INTO monster (monster_id, name, created_at, updated_at) VALUES (219, "バフバロ", now(), now());
INSERT INTO monster (monster_id, name, created_at, updated_at) VALUES (220, "イヴェルカーナ", now(), now());
INSERT INTO monster (monster_id, name, created_at, updated_at) VALUES (221, "ネロミェール", now(), now());
INSERT INTO monster (monster_id, name, created_at, updated_at) VALUES (222, "アン・イシュワルダ", now(), now());
INSERT INTO monster (monster_id, name, created_at, updated_at) VALUES (223, "メル・ゼナ", now(), now());
INSERT INTO monster (monster_id, name, created_at, updated_at) VALUES (224, "原初を刻む\nメル・ゼナ", now(), now());
INSERT INTO monster (monster_id, name, created_at, updated_at) VALUES (225, "ルナガロン", now(), now());
INSERT INTO monster (monster_id, name, created_at, updated_at) VALUES (226, "ガランゴルム", now(), now());
INSERT INTO monster (monster_id, name, created_at, updated_at) VALUES (227, "ガイアデルム", now(), now());
INSERT INTO monster (monster_id, name, created_at, updated_at) VALUES (228, "エスピナス", now(), now());
INSERT INTO monster (monster_id, name, created_at, updated_at) VALUES (229, "エスピナス亜種", now(), now());
-- 種族
INSERT INTO tribe (tribe_id, name_ja, name_en, monster_id, created_at, updated_at) VALUES (1, "飛竜種", "Flying Wyvern", 1, now(), now());
INSERT INTO tribe (tribe_id, name_ja, name_en, monster_id, created_at, updated_at) VALUES (2, "飛竜種", "Flying Wyvern", 2, now(), now());
INSERT INTO tribe (tribe_id, name_ja, name_en, monster_id, created_at, updated_at) VALUES (3, "飛竜種", "Flying Wyvern", 3, now(), now());
INSERT INTO tribe (tribe_id, name_ja, name_en, monster_id, created_at, updated_at) VALUES (4, "飛竜種", "Flying Wyvern", 4, now(), now());
INSERT INTO tribe (tribe_id, name_ja, name_en, monster_id, created_at, updated_at) VALUES (5, "飛竜種", "Flying Wyvern", 5, now(), now());
INSERT INTO tribe (tribe_id, name_ja, name_en, monster_id, created_at, updated_at) VALUES (6, "飛竜種", "Flying Wyvern", 6, now(), now());
INSERT INTO tribe (tribe_id, name_ja, name_en, monster_id, created_at, updated_at) VALUES (7, "飛竜種", "Flying Wyvern", 7, now(), now());
INSERT INTO tribe (tribe_id, name_ja, name_en, monster_id, created_at, updated_at) VALUES (8, "飛竜種", "Flying Wyvern", 8, now(), now());
INSERT INTO tribe (tribe_id, name_ja, name_en, monster_id, created_at, updated_at) VALUES (9, "飛竜種", "Flying Wyvern", 9, now(), now());
INSERT INTO tribe (tribe_id, name_ja, name_en, monster_id, created_at, updated_at) VALUES (10, "飛竜種", "Flying Wyvern", 10, now(), now());
INSERT INTO tribe (tribe_id, name_ja, name_en, monster_id, created_at, updated_at) VALUES (11, "飛竜種", "Flying Wyvern", 11, now(), now());
INSERT INTO tribe (tribe_id, name_ja, name_en, monster_id, created_at, updated_at) VALUES (12, "飛竜種", "Flying Wyvern", 12, now(), now());
INSERT INTO tribe (tribe_id, name_ja, name_en, monster_id, created_at, updated_at) VALUES (13, "飛竜種", "Flying Wyvern", 13, now(), now());
INSERT INTO tribe (tribe_id, name_ja, name_en, monster_id, created_at, updated_at) VALUES (14, "飛竜種", "Flying Wyvern", 14, now(), now());
INSERT INTO tribe (tribe_id, name_ja, name_en, monster_id, created_at, updated_at) VALUES (15, "飛竜種", "Flying Wyvern", 15, now(), now());
INSERT INTO tribe (tribe_id, name_ja, name_en, monster_id, created_at, updated_at) VALUES (16, "飛竜種", "Flying Wyvern", 16, now(), now());
INSERT INTO tribe (tribe_id, name_ja, name_en, monster_id, created_at, updated_at) VALUES (17, "飛竜種", "Flying Wyvern", 17, now(), now());
INSERT INTO tribe (tribe_id, name_ja, name_en, monster_id, created_at, updated_at) VALUES (18, "飛竜種", "Flying Wyvern", 18, now(), now());
INSERT INTO tribe (tribe_id, name_ja, name_en, monster_id, created_at, updated_at) VALUES (19, "飛竜種", "Flying Wyvern", 19, now(), now());
INSERT INTO tribe (tribe_id, name_ja, name_en, monster_id, created_at, updated_at) VALUES (20, "飛竜種", "Flying Wyvern", 20, now(), now());
INSERT INTO tribe (tribe_id, name_ja, name_en, monster_id, created_at, updated_at) VALUES (21, "飛竜種", "Flying Wyvern", 21, now(), now());
INSERT INTO tribe (tribe_id, name_ja, name_en, monster_id, created_at, updated_at) VALUES (22, "飛竜種", "Flying Wyvern", 22, now(), now());
INSERT INTO tribe (tribe_id, name_ja, name_en, monster_id, created_at, updated_at) VALUES (23, "鳥竜種", "Bird Wyvern", 23, now(), now());
INSERT INTO tribe (tribe_id, name_ja, name_en, monster_id, created_at, updated_at) VALUES (24, "鳥竜種", "Bird Wyvern", 24, now(), now());
INSERT INTO tribe (tribe_id, name_ja, name_en, monster_id, created_at, updated_at) VALUES (25, "鳥竜種", "Bird Wyvern", 25, now(), now());
INSERT INTO tribe (tribe_id, name_ja, name_en, monster_id, created_at, updated_at) VALUES (26, "鳥竜種", "Bird Wyvern", 26, now(), now());
INSERT INTO tribe (tribe_id, name_ja, name_en, monster_id, created_at, updated_at) VALUES (27, "魚竜種", "Piscine Wyvern", 27, now(), now());
INSERT INTO tribe (tribe_id, name_ja, name_en, monster_id, created_at, updated_at) VALUES (28, "魚竜種", "Piscine Wyvern", 28, now(), now());
INSERT INTO tribe (tribe_id, name_ja, name_en, monster_id, created_at, updated_at) VALUES (29, "古龍種", "Elder Dragon", 29, now(), now());
INSERT INTO tribe (tribe_id, name_ja, name_en, monster_id, created_at, updated_at) VALUES (30, "古龍種", "Elder Dragon", 30, now(), now());
INSERT INTO tribe (tribe_id, name_ja, name_en, monster_id, created_at, updated_at) VALUES (31, "古龍種", "Elder Dragon", 31, now(), now());
INSERT INTO tribe (tribe_id, name_ja, name_en, monster_id, created_at, updated_at) VALUES (32, "古龍種", "Elder Dragon", 32, now(), now());
INSERT INTO tribe (tribe_id, name_ja, name_en, monster_id, created_at, updated_at) VALUES (33, "古龍種", "Elder Dragon", 33, now(), now());
INSERT INTO tribe (tribe_id, name_ja, name_en, monster_id, created_at, updated_at) VALUES (34, "古龍種", "Elder Dragon", 34, now(), now());
INSERT INTO tribe (tribe_id, name_ja, name_en, monster_id, created_at, updated_at) VALUES (35, "古龍種", "Elder Dragon", 35, now(), now());
INSERT INTO tribe (tribe_id, name_ja, name_en, monster_id, created_at, updated_at) VALUES (36, "鳥竜種", "Bird Wyvern", 36, now(), now());
INSERT INTO tribe (tribe_id, name_ja, name_en, monster_id, created_at, updated_at) VALUES (37, "鳥竜種", "Bird Wyvern", 37, now(), now());
INSERT INTO tribe (tribe_id, name_ja, name_en, monster_id, created_at, updated_at) VALUES (38, "鳥竜種", "Bird Wyvern", 38, now(), now());
INSERT INTO tribe (tribe_id, name_ja, name_en, monster_id, created_at, updated_at) VALUES (39, "魚竜種", "Piscine Wyvern", 39, now(), now());
INSERT INTO tribe (tribe_id, name_ja, name_en, monster_id, created_at, updated_at) VALUES (40, "鳥竜種", "Bird Wyvern", 40, now(), now());
INSERT INTO tribe (tribe_id, name_ja, name_en, monster_id, created_at, updated_at) VALUES (41, "鳥竜種", "Bird Wyvern", 41, now(), now());
INSERT INTO tribe (tribe_id, name_ja, name_en, monster_id, created_at, updated_at) VALUES (42, "鳥竜種", "Bird Wyvern", 42, now(), now());
INSERT INTO tribe (tribe_id, name_ja, name_en, monster_id, created_at, updated_at) VALUES (43, "甲殻種", "Carapaceon", 43, now(), now());
INSERT INTO tribe (tribe_id, name_ja, name_en, monster_id, created_at, updated_at) VALUES (44, "甲殻種", "Carapaceon", 44, now(), now());
INSERT INTO tribe (tribe_id, name_ja, name_en, monster_id, created_at, updated_at) VALUES (45, "甲殻種", "Carapaceon", 45, now(), now());
INSERT INTO tribe (tribe_id, name_ja, name_en, monster_id, created_at, updated_at) VALUES (46, "甲殻種", "Carapaceon", 46, now(), now());
INSERT INTO tribe (tribe_id, name_ja, name_en, monster_id, created_at, updated_at) VALUES (47, "甲殻種", "Carapaceon", 47, now(), now());
INSERT INTO tribe (tribe_id, name_ja, name_en, monster_id, created_at, updated_at) VALUES (48, "甲殻種", "Carapaceon", 48, now(), now());
INSERT INTO tribe (tribe_id, name_ja, name_en, monster_id, created_at, updated_at) VALUES (49, "牙獣種", "Fanged Beast", 49, now(), now());
INSERT INTO tribe (tribe_id, name_ja, name_en, monster_id, created_at, updated_at) VALUES (50, "牙獣種", "Fanged Beast", 50, now(), now());
INSERT INTO tribe (tribe_id, name_ja, name_en, monster_id, created_at, updated_at) VALUES (51, "牙獣種", "Fanged Beast", 51, now(), now());
INSERT INTO tribe (tribe_id, name_ja, name_en, monster_id, created_at, updated_at) VALUES (52, "牙獣種", "Fanged Beast", 52, now(), now());
INSERT INTO tribe (tribe_id, name_ja, name_en, monster_id, created_at, updated_at) VALUES (53, "牙獣種", "Fanged Beast", 53, now(), now());
INSERT INTO tribe (tribe_id, name_ja, name_en, monster_id, created_at, updated_at) VALUES (54, "牙獣種", "Fanged Beast", 54, now(), now());
INSERT INTO tribe (tribe_id, name_ja, name_en, monster_id, created_at, updated_at) VALUES (55, "古龍種", "Elder Dragon", 55, now(), now());
INSERT INTO tribe (tribe_id, name_ja, name_en, monster_id, created_at, updated_at) VALUES (56, "古龍種", "Elder Dragon", 56, now(), now());
INSERT INTO tribe (tribe_id, name_ja, name_en, monster_id, created_at, updated_at) VALUES (57, "古龍種", "Elder Dragon", 57, now(), now());
INSERT INTO tribe (tribe_id, name_ja, name_en, monster_id, created_at, updated_at) VALUES (58, "古龍種", "Elder Dragon", 58, now(), now());
INSERT INTO tribe (tribe_id, name_ja, name_en, monster_id, created_at, updated_at) VALUES (59, "古龍種", "Elder Dragon", 59, now(), now());
INSERT INTO tribe (tribe_id, name_ja, name_en, monster_id, created_at, updated_at) VALUES (60, "古龍種", "Elder Dragon", 60, now(), now());
INSERT INTO tribe (tribe_id, name_ja, name_en, monster_id, created_at, updated_at) VALUES (61, "古龍種", "Elder Dragon", 61, now(), now());
INSERT INTO tribe (tribe_id, name_ja, name_en, monster_id, created_at, updated_at) VALUES (62, "古龍種", "Elder Dragon", 62, now(), now());
INSERT INTO tribe (tribe_id, name_ja, name_en, monster_id, created_at, updated_at) VALUES (63, "甲殻種", "Carapaceon", 63, now(), now());
INSERT INTO tribe (tribe_id, name_ja, name_en, monster_id, created_at, updated_at) VALUES (64, "古龍種", "Elder Dragon", 64, now(), now());
INSERT INTO tribe (tribe_id, name_ja, name_en, monster_id, created_at, updated_at) VALUES (65, "牙獣種", "Fanged Beast", 65, now(), now());
INSERT INTO tribe (tribe_id, name_ja, name_en, monster_id, created_at, updated_at) VALUES (66, "獣人種", "Lynian", 66, now(), now());
INSERT INTO tribe (tribe_id, name_ja, name_en, monster_id, created_at, updated_at) VALUES (67, "飛竜種", "Flying Wyvern", 67, now(), now());
INSERT INTO tribe (tribe_id, name_ja, name_en, monster_id, created_at, updated_at) VALUES (68, "飛竜種", "Flying Wyvern", 68, now(), now());
INSERT INTO tribe (tribe_id, name_ja, name_en, monster_id, created_at, updated_at) VALUES (69, "飛竜種", "Flying Wyvern", 69, now(), now());
INSERT INTO tribe (tribe_id, name_ja, name_en, monster_id, created_at, updated_at) VALUES (70, "飛竜種", "Flying Wyvern", 70, now(), now());
INSERT INTO tribe (tribe_id, name_ja, name_en, monster_id, created_at, updated_at) VALUES (71, "飛竜種", "Flying Wyvern", 71, now(), now());
INSERT INTO tribe (tribe_id, name_ja, name_en, monster_id, created_at, updated_at) VALUES (72, "鳥竜種", "Bird Wyvern", 72, now(), now());
INSERT INTO tribe (tribe_id, name_ja, name_en, monster_id, created_at, updated_at) VALUES (73, "鳥竜種", "Bird Wyvern", 73, now(), now());
INSERT INTO tribe (tribe_id, name_ja, name_en, monster_id, created_at, updated_at) VALUES (74, "魚竜種", "Piscine Wyvern", 74, now(), now());
INSERT INTO tribe (tribe_id, name_ja, name_en, monster_id, created_at, updated_at) VALUES (75, "飛竜種", "Flying Wyvern", 75, now(), now());
INSERT INTO tribe (tribe_id, name_ja, name_en, monster_id, created_at, updated_at) VALUES (76, "飛竜種", "Flying Wyvern", 76, now(), now());
INSERT INTO tribe (tribe_id, name_ja, name_en, monster_id, created_at, updated_at) VALUES (77, "飛竜種", "Flying Wyvern", 77, now(), now());
INSERT INTO tribe (tribe_id, name_ja, name_en, monster_id, created_at, updated_at) VALUES (78, "飛竜種", "Flying Wyvern", 78, now(), now());
INSERT INTO tribe (tribe_id, name_ja, name_en, monster_id, created_at, updated_at) VALUES (79, "飛竜種", "Flying Wyvern", 79, now(), now());
INSERT INTO tribe (tribe_id, name_ja, name_en, monster_id, created_at, updated_at) VALUES (80, "甲虫種", "Neopteron", 80, now(), now());
INSERT INTO tribe (tribe_id, name_ja, name_en, monster_id, created_at, updated_at) VALUES (81, "鳥竜種", "Bird Wyvern", 81, now(), now());
INSERT INTO tribe (tribe_id, name_ja, name_en, monster_id, created_at, updated_at) VALUES (82, "鳥竜種", "Bird Wyvern", 82, now(), now());
INSERT INTO tribe (tribe_id, name_ja, name_en, monster_id, created_at, updated_at) VALUES (83, "飛竜種", "Flying Wyvern", 83, now(), now());
INSERT INTO tribe (tribe_id, name_ja, name_en, monster_id, created_at, updated_at) VALUES (84, "飛竜種", "Flying Wyvern", 84, now(), now());
INSERT INTO tribe (tribe_id, name_ja, name_en, monster_id, created_at, updated_at) VALUES (85, "飛竜種", "Flying Wyvern", 85, now(), now());
INSERT INTO tribe (tribe_id, name_ja, name_en, monster_id, created_at, updated_at) VALUES (86, "飛竜種", "Flying Wyvern", 86, now(), now());
INSERT INTO tribe (tribe_id, name_ja, name_en, monster_id, created_at, updated_at) VALUES (87, "飛竜種", "Flying Wyvern", 87, now(), now());
INSERT INTO tribe (tribe_id, name_ja, name_en, monster_id, created_at, updated_at) VALUES (88, "獣竜種", "Brute Wyvern", 88, now(), now());
INSERT INTO tribe (tribe_id, name_ja, name_en, monster_id, created_at, updated_at) VALUES (89, "獣竜種", "Brute Wyvern", 89, now(), now());
INSERT INTO tribe (tribe_id, name_ja, name_en, monster_id, created_at, updated_at) VALUES (90, "獣竜種", "Brute Wyvern", 90, now(), now());
INSERT INTO tribe (tribe_id, name_ja, name_en, monster_id, created_at, updated_at) VALUES (91, "獣竜種", "Brute Wyvern", 91, now(), now());
INSERT INTO tribe (tribe_id, name_ja, name_en, monster_id, created_at, updated_at) VALUES (92, "獣竜種", "Brute Wyvern", 92, now(), now());
INSERT INTO tribe (tribe_id, name_ja, name_en, monster_id, created_at, updated_at) VALUES (93, "獣竜種", "Brute Wyvern", 93, now(), now());
INSERT INTO tribe (tribe_id, name_ja, name_en, monster_id, created_at, updated_at) VALUES (94, "獣竜種", "Brute Wyvern", 94, now(), now());
INSERT INTO tribe (tribe_id, name_ja, name_en, monster_id, created_at, updated_at) VALUES (95, "海竜種", "Leviathan", 95, now(), now());
INSERT INTO tribe (tribe_id, name_ja, name_en, monster_id, created_at, updated_at) VALUES (96, "海竜種", "Leviathan", 96, now(), now());
INSERT INTO tribe (tribe_id, name_ja, name_en, monster_id, created_at, updated_at) VALUES (97, "海竜種", "Leviathan", 97, now(), now());
INSERT INTO tribe (tribe_id, name_ja, name_en, monster_id, created_at, updated_at) VALUES (98, "海竜種", "Leviathan", 98, now(), now());
INSERT INTO tribe (tribe_id, name_ja, name_en, monster_id, created_at, updated_at) VALUES (99, "海竜種", "Leviathan", 99, now(), now());
INSERT INTO tribe (tribe_id, name_ja, name_en, monster_id, created_at, updated_at) VALUES (100, "海竜種", "Leviathan", 100, now(), now());
INSERT INTO tribe (tribe_id, name_ja, name_en, monster_id, created_at, updated_at) VALUES (101, "海竜種", "Leviathan", 101, now(), now());
INSERT INTO tribe (tribe_id, name_ja, name_en, monster_id, created_at, updated_at) VALUES (102, "海竜種", "Leviathan", 102, now(), now());
INSERT INTO tribe (tribe_id, name_ja, name_en, monster_id, created_at, updated_at) VALUES (103, "古龍種", "Elder Dragon", 103, now(), now());
INSERT INTO tribe (tribe_id, name_ja, name_en, monster_id, created_at, updated_at) VALUES (104, "古龍種", "Elder Dragon", 104, now(), now());
INSERT INTO tribe (tribe_id, name_ja, name_en, monster_id, created_at, updated_at) VALUES (105, "古龍種", "Elder Dragon", 105, now(), now());
INSERT INTO tribe (tribe_id, name_ja, name_en, monster_id, created_at, updated_at) VALUES (106, "古龍種", "Elder Dragon", 106, now(), now());
INSERT INTO tribe (tribe_id, name_ja, name_en, monster_id, created_at, updated_at) VALUES (107, "古龍種", "Elder Dragon", 107, now(), now());
INSERT INTO tribe (tribe_id, name_ja, name_en, monster_id, created_at, updated_at) VALUES (108, "鳥竜種", "Bird Wyvern", 108, now(), now());
INSERT INTO tribe (tribe_id, name_ja, name_en, monster_id, created_at, updated_at) VALUES (109, "鳥竜種", "Bird Wyvern", 109, now(), now());
INSERT INTO tribe (tribe_id, name_ja, name_en, monster_id, created_at, updated_at) VALUES (110, "獣竜種", "Brute Wyvern", 110, now(), now());
INSERT INTO tribe (tribe_id, name_ja, name_en, monster_id, created_at, updated_at) VALUES (111, "獣竜種", "Brute Wyvern", 111, now(), now());
INSERT INTO tribe (tribe_id, name_ja, name_en, monster_id, created_at, updated_at) VALUES (112, "海竜種", "Leviathan", 112, now(), now());
INSERT INTO tribe (tribe_id, name_ja, name_en, monster_id, created_at, updated_at) VALUES (113, "牙竜種", "Fanged Wyvern", 113, now(), now());
INSERT INTO tribe (tribe_id, name_ja, name_en, monster_id, created_at, updated_at) VALUES (114, "牙竜種", "Fanged Wyvern", 114, now(), now());
INSERT INTO tribe (tribe_id, name_ja, name_en, monster_id, created_at, updated_at) VALUES (115, "牙竜種", "Fanged Wyvern", 115, now(), now());
INSERT INTO tribe (tribe_id, name_ja, name_en, monster_id, created_at, updated_at) VALUES (116, "牙竜種", "Fanged Wyvern", 116, now(), now());
INSERT INTO tribe (tribe_id, name_ja, name_en, monster_id, created_at, updated_at) VALUES (117, "古龍種", "Elder Dragon", 117, now(), now());
INSERT INTO tribe (tribe_id, name_ja, name_en, monster_id, created_at, updated_at) VALUES (118, "鳥竜種", "Bird Wyvern", 118, now(), now());
INSERT INTO tribe (tribe_id, name_ja, name_en, monster_id, created_at, updated_at) VALUES (119, "牙獣種", "Fanged Beast", 119, now(), now());
INSERT INTO tribe (tribe_id, name_ja, name_en, monster_id, created_at, updated_at) VALUES (120, "牙獣種", "Fanged Beast", 120, now(), now());
INSERT INTO tribe (tribe_id, name_ja, name_en, monster_id, created_at, updated_at) VALUES (121, "牙獣種", "Fanged Beast", 121, now(), now());
INSERT INTO tribe (tribe_id, name_ja, name_en, monster_id, created_at, updated_at) VALUES (122, "牙獣種", "Fanged Beast", 122, now(), now());
INSERT INTO tribe (tribe_id, name_ja, name_en, monster_id, created_at, updated_at) VALUES (123, "牙獣種", "Fanged Beast", 123, now(), now());
INSERT INTO tribe (tribe_id, name_ja, name_en, monster_id, created_at, updated_at) VALUES (124, "牙獣種", "Fanged Beast", 124, now(), now());
INSERT INTO tribe (tribe_id, name_ja, name_en, monster_id, created_at, updated_at) VALUES (125, "獣竜種", "Brute Wyvern", 125, now(), now());
INSERT INTO tribe (tribe_id, name_ja, name_en, monster_id, created_at, updated_at) VALUES (126, "獣竜種", "Brute Wyvern", 126, now(), now());
INSERT INTO tribe (tribe_id, name_ja, name_en, monster_id, created_at, updated_at) VALUES (127, "古龍種", "Elder Dragon", 127, now(), now());
INSERT INTO tribe (tribe_id, name_ja, name_en, monster_id, created_at, updated_at) VALUES (128, "牙獣種", "Fanged Beast", 128, now(), now());
INSERT INTO tribe (tribe_id, name_ja, name_en, monster_id, created_at, updated_at) VALUES (129, "牙獣種", "Fanged Beast", 129, now(), now());
INSERT INTO tribe (tribe_id, name_ja, name_en, monster_id, created_at, updated_at) VALUES (130, "両生種", "Amphibian", 130, now(), now());
INSERT INTO tribe (tribe_id, name_ja, name_en, monster_id, created_at, updated_at) VALUES (131, "両生種", "Amphibian", 131, now(), now());
INSERT INTO tribe (tribe_id, name_ja, name_en, monster_id, created_at, updated_at) VALUES (132, "両生種", "Amphibian", 132, now(), now());
INSERT INTO tribe (tribe_id, name_ja, name_en, monster_id, created_at, updated_at) VALUES (133, "両生種", "Amphibian", 133, now(), now());
INSERT INTO tribe (tribe_id, name_ja, name_en, monster_id, created_at, updated_at) VALUES (134, "両生種", "Amphibian", 134, now(), now());
INSERT INTO tribe (tribe_id, name_ja, name_en, monster_id, created_at, updated_at) VALUES (135, "蛇竜種", "Snake Wyvern", 135, now(), now());
INSERT INTO tribe (tribe_id, name_ja, name_en, monster_id, created_at, updated_at) VALUES (136, "蛇竜種", "Snake Wyvern", 136, now(), now());
INSERT INTO tribe (tribe_id, name_ja, name_en, monster_id, created_at, updated_at) VALUES (137, "甲虫種", "Neopteron", 137, now(), now());
INSERT INTO tribe (tribe_id, name_ja, name_en, monster_id, created_at, updated_at) VALUES (138, "甲虫種", "Neopteron", 138, now(), now());
INSERT INTO tribe (tribe_id, name_ja, name_en, monster_id, created_at, updated_at) VALUES (139, "鋏角種", "Temnoceran", 139, now(), now());
INSERT INTO tribe (tribe_id, name_ja, name_en, monster_id, created_at, updated_at) VALUES (140, "鋏角種", "Temnoceran", 140, now(), now());
INSERT INTO tribe (tribe_id, name_ja, name_en, monster_id, created_at, updated_at) VALUES (141, "???", "???", 141, now(), now());
INSERT INTO tribe (tribe_id, name_ja, name_en, monster_id, created_at, updated_at) VALUES (142, "???", "???", 142, now(), now());
INSERT INTO tribe (tribe_id, name_ja, name_en, monster_id, created_at, updated_at) VALUES (143, "古龍種", "Elder Dragon", 143, now(), now());
INSERT INTO tribe (tribe_id, name_ja, name_en, monster_id, created_at, updated_at) VALUES (144, "古龍種", "Elder Dragon", 144, now(), now());
INSERT INTO tribe (tribe_id, name_ja, name_en, monster_id, created_at, updated_at) VALUES (145, "古龍種", "Elder Dragon", 145, now(), now());
INSERT INTO tribe (tribe_id, name_ja, name_en, monster_id, created_at, updated_at) VALUES (146, "古龍種", "Elder Dragon", 146, now(), now());
INSERT INTO tribe (tribe_id, name_ja, name_en, monster_id, created_at, updated_at) VALUES (147, "古龍種", "Elder Dragon", 147, now(), now());
INSERT INTO tribe (tribe_id, name_ja, name_en, monster_id, created_at, updated_at) VALUES (148, "甲虫種", "Neopteron", 148, now(), now());
INSERT INTO tribe (tribe_id, name_ja, name_en, monster_id, created_at, updated_at) VALUES (149, "甲虫種", "Neopteron", 149, now(), now());
INSERT INTO tribe (tribe_id, name_ja, name_en, monster_id, created_at, updated_at) VALUES (150, "飛竜種", "Flying Wyvern", 150, now(), now());
INSERT INTO tribe (tribe_id, name_ja, name_en, monster_id, created_at, updated_at) VALUES (151, "古龍種", "Elder Dragon", 151, now(), now());
INSERT INTO tribe (tribe_id, name_ja, name_en, monster_id, created_at, updated_at) VALUES (152, "鳥竜種", "Bird Wyvern", 152, now(), now());
INSERT INTO tribe (tribe_id, name_ja, name_en, monster_id, created_at, updated_at) VALUES (153, "鳥竜種", "Bird Wyvern", 153, now(), now());
INSERT INTO tribe (tribe_id, name_ja, name_en, monster_id, created_at, updated_at) VALUES (154, "獣竜種", "Brute Wyvern", 154, now(), now());
INSERT INTO tribe (tribe_id, name_ja, name_en, monster_id, created_at, updated_at) VALUES (155, "獣竜種", "Brute Wyvern", 155, now(), now());
INSERT INTO tribe (tribe_id, name_ja, name_en, monster_id, created_at, updated_at) VALUES (156, "獣竜種", "Brute Wyvern", 156, now(), now());
INSERT INTO tribe (tribe_id, name_ja, name_en, monster_id, created_at, updated_at) VALUES (157, "飛竜種", "Flying Wyvern", 157, now(), now());
INSERT INTO tribe (tribe_id, name_ja, name_en, monster_id, created_at, updated_at) VALUES (158, "飛竜種", "Flying Wyvern", 158, now(), now());
INSERT INTO tribe (tribe_id, name_ja, name_en, monster_id, created_at, updated_at) VALUES (159, "海竜種", "Leviathan", 159, now(), now());
INSERT INTO tribe (tribe_id, name_ja, name_en, monster_id, created_at, updated_at) VALUES (160, "海竜種", "Leviathan", 160, now(), now());
INSERT INTO tribe (tribe_id, name_ja, name_en, monster_id, created_at, updated_at) VALUES (161, "海竜種", "Leviathan", 161, now(), now());
INSERT INTO tribe (tribe_id, name_ja, name_en, monster_id, created_at, updated_at) VALUES (162, "海竜種", "Leviathan", 162, now(), now());
INSERT INTO tribe (tribe_id, name_ja, name_en, monster_id, created_at, updated_at) VALUES (163, "牙獣種", "Fanged Beast", 163, now(), now());
INSERT INTO tribe (tribe_id, name_ja, name_en, monster_id, created_at, updated_at) VALUES (164, "牙獣種", "Fanged Beast", 164, now(), now());
INSERT INTO tribe (tribe_id, name_ja, name_en, monster_id, created_at, updated_at) VALUES (165, "古龍種", "Elder Dragon", 165, now(), now());
INSERT INTO tribe (tribe_id, name_ja, name_en, monster_id, created_at, updated_at) VALUES (166, "鳥竜種", "Bird Wyvern", 166, now(), now());
INSERT INTO tribe (tribe_id, name_ja, name_en, monster_id, created_at, updated_at) VALUES (167, "古龍種", "Elder Dragon", 167, now(), now());
INSERT INTO tribe (tribe_id, name_ja, name_en, monster_id, created_at, updated_at) VALUES (168, "古龍種", "Elder Dragon", 168, now(), now());
INSERT INTO tribe (tribe_id, name_ja, name_en, monster_id, created_at, updated_at) VALUES (169, "古龍種", "Elder Dragon", 169, now(), now());
INSERT INTO tribe (tribe_id, name_ja, name_en, monster_id, created_at, updated_at) VALUES (170, "甲虫種", "Neopteron", 170, now(), now());
INSERT INTO tribe (tribe_id, name_ja, name_en, monster_id, created_at, updated_at) VALUES (171, "甲虫種", "Neopteron", 171, now(), now());
INSERT INTO tribe (tribe_id, name_ja, name_en, monster_id, created_at, updated_at) VALUES (172, "牙竜種", "Fanged Wyvern", 172, now(), now());
INSERT INTO tribe (tribe_id, name_ja, name_en, monster_id, created_at, updated_at) VALUES (173, "牙竜種", "Fanged Wyvern", 173, now(), now());
INSERT INTO tribe (tribe_id, name_ja, name_en, monster_id, created_at, updated_at) VALUES (174, "牙獣種", "Fanged Beast", 174, now(), now());
INSERT INTO tribe (tribe_id, name_ja, name_en, monster_id, created_at, updated_at) VALUES (175, "牙獣種", "Fanged Beast", 175, now(), now());
INSERT INTO tribe (tribe_id, name_ja, name_en, monster_id, created_at, updated_at) VALUES (176, "鳥竜種", "Bird Wyvern", 176, now(), now());
INSERT INTO tribe (tribe_id, name_ja, name_en, monster_id, created_at, updated_at) VALUES (177, "両生種", "Amphibian", 177, now(), now());
INSERT INTO tribe (tribe_id, name_ja, name_en, monster_id, created_at, updated_at) VALUES (178, "海竜種", "Leviathan", 178, now(), now());
INSERT INTO tribe (tribe_id, name_ja, name_en, monster_id, created_at, updated_at) VALUES (179, "海竜種", "Leviathan", 179, now(), now());
INSERT INTO tribe (tribe_id, name_ja, name_en, monster_id, created_at, updated_at) VALUES (180, "鋏角種", "Temnoceran", 180, now(), now());
INSERT INTO tribe (tribe_id, name_ja, name_en, monster_id, created_at, updated_at) VALUES (181, "鋏角種", "Temnoceran", 181, now(), now());
INSERT INTO tribe (tribe_id, name_ja, name_en, monster_id, created_at, updated_at) VALUES (182, "海竜種", "Leviathan", 182, now(), now());
INSERT INTO tribe (tribe_id, name_ja, name_en, monster_id, created_at, updated_at) VALUES (183, "海竜種", "Leviathan", 183, now(), now());
INSERT INTO tribe (tribe_id, name_ja, name_en, monster_id, created_at, updated_at) VALUES (184, "古龍種", "Elder Dragon", 184, now(), now());
INSERT INTO tribe (tribe_id, name_ja, name_en, monster_id, created_at, updated_at) VALUES (185, "牙獣種", "Fanged Beast", 185, now(), now());
INSERT INTO tribe (tribe_id, name_ja, name_en, monster_id, created_at, updated_at) VALUES (186, "鳥竜種", "Bird Wyvern", 186, now(), now());
INSERT INTO tribe (tribe_id, name_ja, name_en, monster_id, created_at, updated_at) VALUES (187, "古龍種", "Elder Dragon", 187, now(), now());
INSERT INTO tribe (tribe_id, name_ja, name_en, monster_id, created_at, updated_at) VALUES (188, "古龍種", "Elder Dragon", 188, now(), now());
INSERT INTO tribe (tribe_id, name_ja, name_en, monster_id, created_at, updated_at) VALUES (189, "獣竜種", "Brute Wyvern", 189, now(), now());
INSERT INTO tribe (tribe_id, name_ja, name_en, monster_id, created_at, updated_at) VALUES (190, "獣竜種", "Brute Wyvern", 190, now(), now());
INSERT INTO tribe (tribe_id, name_ja, name_en, monster_id, created_at, updated_at) VALUES (191, "牙竜種", "Fanged Wyvern", 191, now(), now());
INSERT INTO tribe (tribe_id, name_ja, name_en, monster_id, created_at, updated_at) VALUES (192, "鳥竜種", "Bird Wyvern", 192, now(), now());
INSERT INTO tribe (tribe_id, name_ja, name_en, monster_id, created_at, updated_at) VALUES (193, "鳥竜種", "Bird Wyvern", 193, now(), now());
INSERT INTO tribe (tribe_id, name_ja, name_en, monster_id, created_at, updated_at) VALUES (194, "古龍種", "Elder Dragon", 194, now(), now());
INSERT INTO tribe (tribe_id, name_ja, name_en, monster_id, created_at, updated_at) VALUES (195, "古龍種", "Elder Dragon", 195, now(), now());
INSERT INTO tribe (tribe_id, name_ja, name_en, monster_id, created_at, updated_at) VALUES (196, "古龍種", "Elder Dragon", 196, now(), now());
INSERT INTO tribe (tribe_id, name_ja, name_en, monster_id, created_at, updated_at) VALUES (197, "古龍種", "Elder Dragon", 197, now(), now());
INSERT INTO tribe (tribe_id, name_ja, name_en, monster_id, created_at, updated_at) VALUES (198, "古龍種", "Elder Dragon", 198, now(), now());
INSERT INTO tribe (tribe_id, name_ja, name_en, monster_id, created_at, updated_at) VALUES (199, "鳥竜種", "Bird Wyvern", 199, now(), now());
INSERT INTO tribe (tribe_id, name_ja, name_en, monster_id, created_at, updated_at) VALUES (200, "魚竜種", "Piscine Wyvern", 200, now(), now());
INSERT INTO tribe (tribe_id, name_ja, name_en, monster_id, created_at, updated_at) VALUES (201, "牙竜種", "Fanged Wyvern", 201, now(), now());
INSERT INTO tribe (tribe_id, name_ja, name_en, monster_id, created_at, updated_at) VALUES (202, "牙竜種", "Fanged Wyvern", 202, now(), now());
INSERT INTO tribe (tribe_id, name_ja, name_en, monster_id, created_at, updated_at) VALUES (203, "飛竜種", "Flying Wyvern", 203, now(), now());
INSERT INTO tribe (tribe_id, name_ja, name_en, monster_id, created_at, updated_at) VALUES (204, "飛竜種", "Flying Wyvern", 204, now(), now());
INSERT INTO tribe (tribe_id, name_ja, name_en, monster_id, created_at, updated_at) VALUES (205, "飛竜種", "Flying Wyvern", 205, now(), now());
INSERT INTO tribe (tribe_id, name_ja, name_en, monster_id, created_at, updated_at) VALUES (206, "飛竜種", "Flying Wyvern", 206, now(), now());
INSERT INTO tribe (tribe_id, name_ja, name_en, monster_id, created_at, updated_at) VALUES (207, "牙竜種", "Fanged Wyvern", 207, now(), now());
INSERT INTO tribe (tribe_id, name_ja, name_en, monster_id, created_at, updated_at) VALUES (208, "牙竜種", "Fanged Wyvern", 208, now(), now());
INSERT INTO tribe (tribe_id, name_ja, name_en, monster_id, created_at, updated_at) VALUES (209, "牙竜種", "Fanged Wyvern", 209, now(), now());
INSERT INTO tribe (tribe_id, name_ja, name_en, monster_id, created_at, updated_at) VALUES (210, "獣竜種", "Brute Wyvern", 210, now(), now());
INSERT INTO tribe (tribe_id, name_ja, name_en, monster_id, created_at, updated_at) VALUES (211, "古龍種", "Elder Dragon", 211, now(), now());
INSERT INTO tribe (tribe_id, name_ja, name_en, monster_id, created_at, updated_at) VALUES (212, "古龍種", "Elder Dragon", 212, now(), now());
INSERT INTO tribe (tribe_id, name_ja, name_en, monster_id, created_at, updated_at) VALUES (213, "牙竜種", "Fanged Wyvern", 213, now(), now());
INSERT INTO tribe (tribe_id, name_ja, name_en, monster_id, created_at, updated_at) VALUES (214, "古龍種", "Elder Dragon", 214, now(), now());
INSERT INTO tribe (tribe_id, name_ja, name_en, monster_id, created_at, updated_at) VALUES (215, "飛竜種", "Flying Wyvern", 215, now(), now());
INSERT INTO tribe (tribe_id, name_ja, name_en, monster_id, created_at, updated_at) VALUES (216, "飛竜種", "Flying Wyvern", 216, now(), now());
INSERT INTO tribe (tribe_id, name_ja, name_en, monster_id, created_at, updated_at) VALUES (217, "鳥竜種", "Bird Wyvern", 217, now(), now());
INSERT INTO tribe (tribe_id, name_ja, name_en, monster_id, created_at, updated_at) VALUES (218, "魚竜種", "Piscine Wyvern", 218, now(), now());
INSERT INTO tribe (tribe_id, name_ja, name_en, monster_id, created_at, updated_at) VALUES (219, "獣竜種", "Brute Wyvern", 219, now(), now());
INSERT INTO tribe (tribe_id, name_ja, name_en, monster_id, created_at, updated_at) VALUES (220, "古龍種", "Elder Dragon", 220, now(), now());
INSERT INTO tribe (tribe_id, name_ja, name_en, monster_id, created_at, updated_at) VALUES (221, "古龍種", "Elder Dragon", 221, now(), now());
INSERT INTO tribe (tribe_id, name_ja, name_en, monster_id, created_at, updated_at) VALUES (222, "古龍種", "Elder Dragon", 222, now(), now());
INSERT INTO tribe (tribe_id, name_ja, name_en, monster_id, created_at, updated_at) VALUES (223, "古龍種", "Elder Dragon", 223, now(), now());
INSERT INTO tribe (tribe_id, name_ja, name_en, monster_id, created_at, updated_at) VALUES (224, "古龍種", "Elder Dragon", 224, now(), now());
INSERT INTO tribe (tribe_id, name_ja, name_en, monster_id, created_at, updated_at) VALUES (225, "牙竜種", "Fanged Wyvern", 225, now(), now());
INSERT INTO tribe (tribe_id, name_ja, name_en, monster_id, created_at, updated_at) VALUES (226, "牙獣種", "Fanged Beast", 226, now(), now());
INSERT INTO tribe (tribe_id, name_ja, name_en, monster_id, created_at, updated_at) VALUES (227, "古龍種", "Elder Dragon", 227, now(), now());
INSERT INTO tribe (tribe_id, name_ja, name_en, monster_id, created_at, updated_at) VALUES (228, "飛竜種", "Flying Wyvern", 228, now(), now());
INSERT INTO tribe (tribe_id, name_ja, name_en, monster_id, created_at, updated_at) VALUES (229, "飛竜種", "Flying Wyvern", 229, now(), now());
-- 作品
 INSERT INTO product (product_id, name, monster_id, created_at, updated_at) VALUES 
 (1, "MH", 1, now(), now()),
 (2, "MHG", 1, now(), now()),
 (3, "MHP", 1, now(), now()),
 (4, "MH2", 1, now(), now()),
 (5, "P2nd", 1, now(), now()),
 (6, "P2G", 1, now(), now()),
 (7, "P3rd", 1, now(), now()),
 (8, "MH3G", 1, now(), now()),
 (9, "MH3", 1, now(), now()),
 (10, "MH4", 1, now(), now()),
 (11, "MH4G", 1, now(), now()),
 (12, "MHX", 1, now(), now()),
 (13, "MHXX", 1, now(), now()),
 (14, "MHW", 1, now(), now()),
 (15, "MHWI", 1, now(), now()),
 (16, "MHR", 1, now(), now()),
 (17, "MHRS", 1, now(), now()),
 (2, "MHG", 2, now(), now()),
 (3, "MHP", 2, now(), now()),
 (4, "MH2", 2, now(), now()),
 (5, "P2nd", 2, now(), now()),
 (6, "P2G", 2, now(), now()),
 (8, "MH3G", 2, now(), now()),
 (10, "MH4", 2, now(), now()),
 (11, "MH4G", 2, now(), now()),
 (14, "MHW", 2, now(), now()),
 (15, "MHWI", 2, now(), now()),
 (2, "MHG", 3, now(), now()),
 (3, "MHP", 3, now(), now()),
 (4, "MH2", 3, now(), now()),
 (5, "P2nd", 3, now(), now()),
 (6, "P2G", 3, now(), now()),
 (7, "P3rd", 3, now(), now()),
 (8, "MH3G", 3, now(), now()),
 (10, "MH4", 3, now(), now()),
 (11, "MH4G", 3, now(), now()),
 (12, "MHX", 3, now(), now()),
 (13, "MHXX", 3, now(), now()),
 (15, "MHWI", 3, now(), now()),
 (17, "MHRS", 3, now(), now()),
 (12, "MHX", 4, now(), now()),
 (13, "MHXX", 4, now(), now()),
 (16, "MHR", 5, now(), now()),
 (17, "MHRS", 5, now(), now()),
 (1, "MH", 6, now(), now()),
 (2, "MHG", 6, now(), now()),
 (3, "MHP", 6, now(), now()),
 (4, "MH2", 6, now(), now()),
 (5, "P2nd", 6, now(), now()),
 (6, "P2G", 6, now(), now()),
 (7, "P3rd", 6, now(), now()),
 (8, "MH3G", 6, now(), now()),
 (9, "MH3", 6, now(), now()),
 (10, "MH4", 6, now(), now()),
 (11, "MH4G", 6, now(), now()),
 (12, "MHX", 6, now(), now()),
 (13, "MHXX", 6, now(), now()),
 (14, "MHW", 6, now(), now()),
 (15, "MHWI", 6, now(), now()),
 (16, "MHR", 6, now(), now()),
 (17, "MHRS", 6, now(), now()),
 (2, "MHG", 7, now(), now()),
 (3, "MHP", 7, now(), now()),
 (4, "MH2", 7, now(), now()),
 (5, "P2nd", 7, now(), now()),
 (6, "P2G", 7, now(), now()),
 (8, "MH3G", 7, now(), now()),
 (10, "MH4", 7, now(), now()),
 (11, "MH4G", 7, now(), now()),
 (14, "MHW", 7, now(), now()),
 (15, "MHWI", 7, now(), now()),
 (2, "MHG", 8, now(), now()),
 (3, "MHP", 8, now(), now()),
 (4, "MH2", 8, now(), now()),
 (5, "P2nd", 8, now(), now()),
 (6, "P2G", 8, now(), now()),
 (7, "P3rd", 8, now(), now()),
 (8, "MH3G", 8, now(), now()),
 (10, "MH4", 8, now(), now()),
 (11, "MH4G", 8, now(), now()),
 (12, "MHX", 8, now(), now()),
 (13, "MHXX", 8, now(), now()),
 (15, "MHWI", 8, now(), now()),
 (17, "MHRS", 8, now(), now()),
 (12, "MHX", 9, now(), now()),
 (13, "MHXX", 9, now(), now()),
 (16, "MHR", 10, now(), now()),
 (17, "MHRS", 10, now(), now()),
 (1, "MH", 11, now(), now()),
 (2, "MHG", 11, now(), now()),
 (3, "MHP", 11, now(), now()),
 (4, "MH2", 11, now(), now()),
 (5, "P2nd", 11, now(), now()),
 (6, "P2G", 11, now(), now()),
 (10, "MH4", 11, now(), now()),
 (11, "MH4G", 11, now(), now()),
 (12, "MHX", 11, now(), now()),
 (13, "MHXX", 11, now(), now()),
 (16, "MHR", 11, now(), now()),
 (17, "MHRS", 11, now(), now()),
 (2, "MHG", 12, now(), now()),
 (3, "MHP", 12, now(), now()),
 (4, "MH2", 12, now(), now()),
 (5, "P2nd", 12, now(), now()),
 (6, "P2G", 12, now(), now()),
 (10, "MH4", 12, now(), now()),
 (11, "MH4G", 12, now(), now()),
 (1, "MH", 13, now(), now()),
 (2, "MHG", 13, now(), now()),
 (3, "MHP", 13, now(), now()),
 (4, "MH2", 13, now(), now()),
 (5, "P2nd", 13, now(), now()),
 (6, "P2G", 13, now(), now()),
 (10, "MH4", 13, now(), now()),
 (11, "MH4G", 13, now(), now()),
 (13, "MHXX", 13, now(), now()),
 (16, "MHR", 13, now(), now()),
 (17, "MHRS", 13, now(), now()),
 (10, "MH4", 14, now(), now()),
 (11, "MH4G", 14, now(), now()),
 (1, "MH", 15, now(), now()),
 (2, "MHG", 15, now(), now()),
 (3, "MHP", 15, now(), now()),
 (4, "MH2", 15, now(), now()),
 (5, "P2nd", 15, now(), now()),
 (6, "P2G", 15, now(), now()),
 (10, "MH4", 15, now(), now()),
 (11, "MH4G", 15, now(), now()),
 (13, "MHXX", 15, now(), now()),
 (2, "MHG", 16, now(), now()),
 (3, "MHP", 16, now(), now()),
 (4, "MH2", 16, now(), now()),
 (5, "P2nd", 16, now(), now()),
 (6, "P2G", 16, now(), now()),
 (10, "MH4", 16, now(), now()),
 (11, "MH4G", 16, now(), now()),
 (1, "MH", 17, now(), now()),
 (2, "MHG", 17, now(), now()),
 (3, "MHP", 17, now(), now()),
 (4, "MH2", 17, now(), now()),
 (5, "P2nd", 17, now(), now()),
 (6, "P2G", 17, now(), now()),
 (11, "MH4G", 17, now(), now()),
 (2, "MHG", 18, now(), now()),
 (3, "MHP", 18, now(), now()),
 (4, "MH2", 18, now(), now()),
 (5, "P2nd", 18, now(), now()),
 (6, "P2G", 18, now(), now()),
 (11, "MH4G", 18, now(), now()),
 (1, "MH", 19, now(), now()),
 (2, "MHG", 19, now(), now()),
 (3, "MHP", 19, now(), now()),
 (4, "MH2", 19, now(), now()),
 (5, "P2nd", 19, now(), now()),
 (6, "P2G", 19, now(), now()),
 (7, "P3rd", 19, now(), now()),
 (8, "MH3G", 19, now(), now()),
 (9, "MH3", 19, now(), now()),
 (11, "MH4G", 19, now(), now()),
 (13, "MHXX", 19, now(), now()),
 (14, "MHW", 19, now(), now()),
 (15, "MHWI", 19, now(), now()),
 (16, "MHR", 19, now(), now()),
 (17, "MHRS", 19, now(), now()),
 (2, "MHG", 20, now(), now()),
 (3, "MHP", 20, now(), now()),
 (4, "MH2", 20, now(), now()),
 (5, "P2nd", 20, now(), now()),
 (6, "P2G", 20, now(), now()),
 (7, "P3rd", 20, now(), now()),
 (8, "MH3G", 20, now(), now()),
 (11, "MH4G", 20, now(), now()),
 (14, "MHW", 20, now(), now()),
 (15, "MHWI", 20, now(), now()),
 (13, "MHXX", 21, now(), now()),
 (16, "MHR", 22, now(), now()),
 (17, "MHRS", 22, now(), now()),
 (1, "MH", 23, now(), now()),
 (2, "MHG", 23, now(), now()),
 (3, "MHP", 23, now(), now()),
 (4, "MH2", 23, now(), now()),
 (5, "P2nd", 23, now(), now()),
 (6, "P2G", 23, now(), now()),
 (10, "MH4", 23, now(), now()),
 (11, "MH4G", 23, now(), now()),
 (12, "MHX", 23, now(), now()),
 (13, "MHXX", 23, now(), now()),
 (2, "MHG", 24, now(), now()),
 (3, "MHP", 24, now(), now()),
 (4, "MH2", 24, now(), now()),
 (5, "P2nd", 24, now(), now()),
 (6, "P2G", 24, now(), now()),
 (10, "MH4", 24, now(), now()),
 (11, "MH4G", 24, now(), now()),
 (1, "MH", 25, now(), now()),
 (2, "MHG", 25, now(), now()),
 (3, "MHP", 25, now(), now()),
 (4, "MH2", 25, now(), now()),
 (5, "P2nd", 25, now(), now()),
 (6, "P2G", 25, now(), now()),
 (10, "MH4", 25, now(), now()),
 (11, "MH4G", 25, now(), now()),
 (12, "MHX", 25, now(), now()),
 (13, "MHXX", 25, now(), now()),
 (2, "MHG", 26, now(), now()),
 (3, "MHP", 26, now(), now()),
 (4, "MH2", 26, now(), now()),
 (5, "P2nd", 26, now(), now()),
 (6, "P2G", 26, now(), now()),
 (10, "MH4", 26, now(), now()),
 (11, "MH4G", 26, now(), now()),
 (1, "MH", 27, now(), now()),
 (2, "MHG", 27, now(), now()),
 (3, "MHP", 27, now(), now()),
 (4, "MH2", 27, now(), now()),
 (5, "P2nd", 27, now(), now()),
 (6, "P2G", 27, now(), now()),
 (8, "MH3G", 27, now(), now()),
 (10, "MH4", 27, now(), now()),
 (11, "MH4G", 27, now(), now()),
 (12, "MHX", 27, now(), now()),
 (13, "MHXX", 27, now(), now()),
 (2, "MHG", 28, now(), now()),
 (3, "MHP", 28, now(), now()),
 (4, "MH2", 28, now(), now()),
 (5, "P2nd", 28, now(), now()),
 (6, "P2G", 28, now(), now()),
 (8, "MH3G", 28, now(), now()),
 (11, "MH4G", 28, now(), now()),
 (1, "MH", 29, now(), now()),
 (2, "MHG", 29, now(), now()),
 (3, "MHP", 29, now(), now()),
 (4, "MH2", 29, now(), now()),
 (5, "P2nd", 29, now(), now()),
 (6, "P2G", 29, now(), now()),
 (10, "MH4", 29, now(), now()),
 (11, "MH4G", 29, now(), now()),
 (12, "MHX", 29, now(), now()),
 (13, "MHXX", 29, now(), now()),
 (14, "MHW", 29, now(), now()),
 (15, "MHWI", 29, now(), now()),
 (10, "MH4", 30, now(), now()),
 (11, "MH4G", 30, now(), now()),
 (1, "MH", 31, now(), now()),
 (2, "MHG", 31, now(), now()),
 (3, "MHP", 31, now(), now()),
 (4, "MH2", 31, now(), now()),
 (5, "P2nd", 31, now(), now()),
 (6, "P2G", 31, now(), now()),
 (13, "MHXX", 31, now(), now()),
 (2, "MHG", 32, now(), now()),
 (3, "MHP", 32, now(), now()),
 (4, "MH2", 32, now(), now()),
 (5, "P2nd", 32, now(), now()),
 (6, "P2G", 32, now(), now()),
 (1, "MH", 33, now(), now()),
 (2, "MHG", 33, now(), now()),
 (3, "MHP", 33, now(), now()),
 (4, "MH2", 33, now(), now()),
 (5, "P2nd", 33, now(), now()),
 (6, "P2G", 33, now(), now()),
 (10, "MH4", 33, now(), now()),
 (11, "MH4G", 33, now(), now()),
 (13, "MHXX", 33, now(), now()),
 (15, "MHWI", 33, now(), now()),
 (2, "MHG", 34, now(), now()),
 (3, "MHP", 34, now(), now()),
 (4, "MH2", 34, now(), now()),
 (5, "P2nd", 34, now(), now()),
 (6, "P2G", 34, now(), now()),
 (10, "MH4", 34, now(), now()),
 (11, "MH4G", 34, now(), now()),
 (13, "MHXX", 34, now(), now()),
 (4, "MH2", 35, now(), now()),
 (5, "P2nd", 35, now(), now()),
 (6, "P2G", 35, now(), now()),
 (11, "MH4G", 35, now(), now()),
 (13, "MHXX", 35, now(), now()),
 (1, "MH", 36, now(), now()),
 (2, "MHG", 36, now(), now()),
 (3, "MHP", 36, now(), now()),
 (4, "MH2", 36, now(), now()),
 (5, "P2nd", 36, now(), now()),
 (6, "P2G", 36, now(), now()),
 (10, "MH4", 36, now(), now()),
 (11, "MH4G", 36, now(), now()),
 (12, "MHX", 36, now(), now()),
 (13, "MHXX", 36, now(), now()),
 (1, "MH", 37, now(), now()),
 (2, "MHG", 37, now(), now()),
 (3, "MHP", 37, now(), now()),
 (4, "MH2", 37, now(), now()),
 (5, "P2nd", 37, now(), now()),
 (6, "P2G", 37, now(), now()),
 (10, "MH4", 37, now(), now()),
 (11, "MH4G", 37, now(), now()),
 (12, "MHX", 37, now(), now()),
 (13, "MHXX", 37, now(), now()),
 (1, "MH", 38, now(), now()),
 (2, "MHG", 38, now(), now()),
 (3, "MHP", 38, now(), now()),
 (4, "MH2", 38, now(), now()),
 (5, "P2nd", 38, now(), now()),
 (6, "P2G", 38, now(), now()),
 (10, "MH4", 38, now(), now()),
 (11, "MH4G", 38, now(), now()),
 (12, "MHX", 38, now(), now()),
 (13, "MHXX", 38, now(), now()),
 (1, "MH", 39, now(), now()),
 (2, "MHG", 39, now(), now()),
 (3, "MHP", 39, now(), now()),
 (4, "MH2", 39, now(), now()),
 (5, "P2nd", 39, now(), now()),
 (6, "P2G", 39, now(), now()),
 (11, "MH4G", 39, now(), now()),
 (12, "MHX", 39, now(), now()),
 (13, "MHXX", 39, now(), now()),
 (6, "P2G", 40, now(), now()),
 (12, "MHX", 40, now(), now()),
 (13, "MHXX", 40, now(), now()),
 (15, "MHWI", 40, now(), now()),
 (12, "MHX", 41, now(), now()),
 (13, "MHXX", 41, now(), now()),
 (3, "MHP", 42, now(), now()),
 (4, "MH2", 42, now(), now()),
 (5, "P2nd", 42, now(), now()),
 (6, "P2G", 42, now(), now()),
 (10, "MH4", 42, now(), now()),
 (11, "MH4G", 42, now(), now()),
 (15, "MHWI", 42, now(), now()),
 (4, "MH2", 43, now(), now()),
 (5, "P2nd", 43, now(), now()),
 (6, "P2G", 43, now(), now()),
 (11, "MH4G", 43, now(), now()),
 (12, "MHX", 43, now(), now()),
 (13, "MHXX", 43, now(), now()),
 (17, "MHRS", 43, now(), now()),
 (6, "P2G", 44, now(), now()),
 (11, "MH4G", 44, now(), now()),
 (12, "MHX", 45, now(), now()),
 (13, "MHXX", 45, now(), now()),
 (4, "MH2", 46, now(), now()),
 (5, "P2nd", 46, now(), now()),
 (6, "P2G", 46, now(), now()),
 (12, "MHX", 46, now(), now()),
 (13, "MHXX", 46, now(), now()),
 (17, "MHRS", 46, now(), now()),
 (6, "P2G", 47, now(), now()),
 (13, "MHXX", 48, now(), now()),
 (4, "MH2", 49, now(), now()),
 (5, "P2nd", 49, now(), now()),
 (6, "P2G", 49, now(), now()),
 (10, "MH4", 49, now(), now()),
 (11, "MH4G", 49, now(), now()),
 (13, "MHXX", 49, now(), now()),
 (6, "P2G", 50, now(), now()),
 (10, "MH4", 50, now(), now()),
 (11, "MH4G", 50, now(), now()),
 (4, "MH2", 51, now(), now()),
 (5, "P2nd", 51, now(), now()),
 (6, "P2G", 51, now(), now()),
 (12, "MHX", 51, now(), now()),
 (13, "MHXX", 51, now(), now()),
 (6, "P2G", 52, now(), now()),
 (4, "MH2", 53, now(), now()),
 (5, "P2nd", 53, now(), now()),
 (6, "P2G", 53, now(), now()),
 (10, "MH4", 53, now(), now()),
 (11, "MH4G", 53, now(), now()),
 (12, "MHX", 53, now(), now()),
 (13, "MHXX", 53, now(), now()),
 (15, "MHWI", 53, now(), now()),
 (16, "MHR", 53, now(), now()),
 (17, "MHRS", 53, now(), now()),
 (6, "P2G", 54, now(), now()),
 (10, "MH4", 54, now(), now()),
 (11, "MH4G", 54, now(), now()),
 (12, "MHX", 54, now(), now()),
 (13, "MHXX", 54, now(), now()),
 (15, "MHWI", 54, now(), now()),
 (17, "MHRS", 54, now(), now()),
 (4, "MH2", 55, now(), now()),
 (5, "P2nd", 55, now(), now()),
 (6, "P2G", 55, now(), now()),
 (10, "MH4", 55, now(), now()),
 (11, "MH4G", 55, now(), now()),
 (12, "MHX", 55, now(), now()),
 (13, "MHXX", 55, now(), now()),
 (14, "MHW", 55, now(), now()),
 (15, "MHWI", 55, now(), now()),
 (16, "MHR", 55, now(), now()),
 (17, "MHRS", 55, now(), now()),
 (4, "MH2", 56, now(), now()),
 (5, "P2nd", 56, now(), now()),
 (6, "P2G", 56, now(), now()),
 (11, "MH4G", 56, now(), now()),
 (17, "MHRS", 57, now(), now()),
 (4, "MH2", 58, now(), now()),
 (5, "P2nd", 58, now(), now()),
 (6, "P2G", 58, now(), now()),
 (11, "MH4G", 58, now(), now()),
 (12, "MHX", 58, now(), now()),
 (13, "MHXX", 58, now(), now()),
 (16, "MHR", 58, now(), now()),
 (17, "MHRS", 58, now(), now()),
 (17, "MHRS", 59, now(), now()),
 (4, "MH2", 60, now(), now()),
 (5, "P2nd", 60, now(), now()),
 (6, "P2G", 60, now(), now()),
 (14, "MHW", 60, now(), now()),
 (15, "MHWI", 60, now(), now()),
 (4, "MH2", 61, now(), now()),
 (5, "P2nd", 61, now(), now()),
 (6, "P2G", 61, now(), now()),
 (10, "MH4", 61, now(), now()),
 (11, "MH4G", 61, now(), now()),
 (12, "MHX", 61, now(), now()),
 (13, "MHXX", 61, now(), now()),
 (14, "MHW", 61, now(), now()),
 (15, "MHWI", 61, now(), now()),
 (16, "MHR", 61, now(), now()),
 (17, "MHRS", 61, now(), now()),
 (17, "MHRS", 62, now(), now()),
 (4, "MH2", 63, now(), now()),
 (5, "P2nd", 63, now(), now()),
 (6, "P2G", 63, now(), now()),
 (4, "MH2", 64, now(), now()),
 (6, "P2G", 64, now(), now()),
 (4, "MH2", 65, now(), now()),
 (5, "P2nd", 65, now(), now()),
 (6, "P2G", 65, now(), now()),
 (7, "P3rd", 65, now(), now()),
 (12, "MHX", 65, now(), now()),
 (13, "MHXX", 65, now(), now()),
 (4, "MH2", 66, now(), now()),
 (5, "P2nd", 66, now(), now()),
 (6, "P2G", 66, now(), now()),
 (5, "P2nd", 67, now(), now()),
 (6, "P2G", 67, now(), now()),
 (7, "P3rd", 67, now(), now()),
 (10, "MH4", 67, now(), now()),
 (11, "MH4G", 67, now(), now()),
 (12, "MHX", 67, now(), now()),
 (13, "MHXX", 67, now(), now()),
 (15, "MHWI", 67, now(), now()),
 (16, "MHR", 67, now(), now()),
 (17, "MHRS", 67, now(), now()),
 (7, "P3rd", 68, now(), now()),
 (10, "MH4", 68, now(), now()),
 (11, "MH4G", 68, now(), now()),
 (15, "MHWI", 68, now(), now()),
 (10, "MH4", 69, now(), now()),
 (11, "MH4G", 69, now(), now()),
 (12, "MHX", 70, now(), now()),
 (13, "MHXX", 70, now(), now()),
 (5, "P2nd", 71, now(), now()),
 (6, "P2G", 71, now(), now()),
 (7, "P3rd", 71, now(), now()),
 (10, "MH4", 71, now(), now()),
 (11, "MH4G", 71, now(), now()),
 (12, "MHX", 71, now(), now()),
 (13, "MHXX", 71, now(), now()),
 (5, "P2nd", 72, now(), now()),
 (6, "P2G", 72, now(), now()),
 (13, "MHXX", 72, now(), now()),
 (6, "P2G", 73, now(), now()),
 (6, "P2G", 74, now(), now()),
 (12, "MHX", 74, now(), now()),
 (13, "MHXX", 74, now(), now()),
 (14, "MHW", 74, now(), now()),
 (15, "MHWI", 74, now(), now()),
 (6, "P2G", 75, now(), now()),
 (7, "P3rd", 75, now(), now()),
 (8, "MH3G", 75, now(), now()),
 (12, "MHX", 75, now(), now()),
 (13, "MHXX", 75, now(), now()),
 (15, "MHWI", 75, now(), now()),
 (16, "MHR", 75, now(), now()),
 (17, "MHRS", 75, now(), now()),
 (7, "P3rd", 76, now(), now()),
 (8, "MH3G", 76, now(), now()),
 (8, "MH3G", 77, now(), now()),
 (17, "MHRS", 77, now(), now()),
 (12, "MHX", 78, now(), now()),
 (13, "MHXX", 78, now(), now()),
 (6, "P2G", 79, now(), now()),
 (7, "P3rd", 79, now(), now()),
 (11, "MH4G", 79, now(), now()),
 (12, "MHX", 79, now(), now()),
 (13, "MHXX", 79, now(), now()),
 (6, "P2G", 80, now(), now()),
 (7, "P3rd", 81, now(), now()),
 (8, "MH3G", 81, now(), now()),
 (9, "MH3", 81, now(), now()),
 (7, "P3rd", 82, now(), now()),
 (8, "MH3G", 82, now(), now()),
 (7, "P3rd", 83, now(), now()),
 (8, "MH3G", 83, now(), now()),
 (9, "MH3", 83, now(), now()),
 (7, "P3rd", 84, now(), now()),
 (8, "MH3G", 84, now(), now()),
 (7, "P3rd", 85, now(), now()),
 (8, "MH3G", 85, now(), now()),
 (9, "MH3", 85, now(), now()),
 (13, "MHXX", 85, now(), now()),
 (15, "MHWI", 85, now(), now()),
 (16, "MHR", 85, now(), now()),
 (17, "MHRS", 85, now(), now()),
 (7, "P3rd", 86, now(), now()),
 (8, "MH3G", 86, now(), now()),
 (15, "MHWI", 87, now(), now()),
 (7, "P3rd", 88, now(), now()),
 (8, "MH3G", 88, now(), now()),
 (9, "MH3", 88, now(), now()),
 (10, "MH4", 88, now(), now()),
 (11, "MH4G", 88, now(), now()),
 (12, "MHX", 88, now(), now()),
 (13, "MHXX", 88, now(), now()),
 (14, "MHW", 88, now(), now()),
 (15, "MHWI", 88, now(), now()),
 (8, "MH3G", 89, now(), now()),
 (10, "MH4", 89, now(), now()),
 (11, "MH4G", 89, now(), now()),
 (12, "MHX", 89, now(), now()),
 (13, "MHXX", 89, now(), now()),
 (15, "MHWI", 89, now(), now()),
 (7, "P3rd", 90, now(), now()),
 (8, "MH3G", 90, now(), now()),
 (9, "MH3", 90, now(), now()),
 (13, "MHXX", 90, now(), now()),
 (14, "MHW", 90, now(), now()),
 (15, "MHWI", 90, now(), now()),
 (16, "MHR", 90, now(), now()),
 (17, "MHRS", 90, now(), now()),
 (7, "P3rd", 91, now(), now()),
 (8, "MH3G", 91, now(), now()),
 (7, "P3rd", 92, now(), now()),
 (8, "MH3G", 92, now(), now()),
 (9, "MH3", 92, now(), now()),
 (12, "MHX", 92, now(), now()),
 (13, "MHXX", 92, now(), now()),
 (14, "MHW", 92, now(), now()),
 (15, "MHWI", 92, now(), now()),
 (7, "P3rd", 93, now(), now()),
 (8, "MH3G", 93, now(), now()),
 (12, "MHX", 94, now(), now()),
 (13, "MHXX", 94, now(), now()),
 (8, "MH3G", 95, now(), now()),
 (9, "MH3", 95, now(), now()),
 (12, "MHX", 95, now(), now()),
 (13, "MHXX", 95, now(), now()),
 (8, "MH3G", 96, now(), now()),
 (8, "MH3G", 97, now(), now()),
 (7, "P3rd", 98, now(), now()),
 (8, "MH3G", 98, now(), now()),
 (9, "MH3", 98, now(), now()),
 (12, "MHX", 98, now(), now()),
 (13, "MHXX", 98, now(), now()),
 (16, "MHR", 98, now(), now()),
 (17, "MHRS", 98, now(), now()),
 (7, "P3rd", 99, now(), now()),
 (8, "MH3G", 99, now(), now()),
 (7, "P3rd", 100, now(), now()),
 (8, "MH3G", 100, now(), now()),
 (9, "MH3", 100, now(), now()),
 (7, "P3rd", 101, now(), now()),
 (8, "MH3G", 101, now(), now()),
 (9, "MH3", 101, now(), now()),
 (12, "MHX", 101, now(), now()),
 (13, "MHXX", 101, now(), now()),
 (7, "P3rd", 102, now(), now()),
 (8, "MH3G", 102, now(), now()),
 (7, "P3rd", 103, now(), now()),
 (8, "MH3G", 103, now(), now()),
 (9, "MH3", 103, now(), now()),
 (12, "MHX", 103, now(), now()),
 (13, "MHXX", 103, now(), now()),
 (15, "MHWI", 103, now(), now()),
 (7, "P3rd", 104, now(), now()),
 (8, "MH3G", 104, now(), now()),
 (9, "MH3", 104, now(), now()),
 (10, "MH4", 104, now(), now()),
 (11, "MH4G", 104, now(), now()),
 (8, "MH3G", 105, now(), now()),
 (8, "MH3G", 106, now(), now()),
 (9, "MH3", 106, now(), now()),
 (8, "MH3G", 107, now(), now()),
 (7, "P3rd", 108, now(), now()),
 (8, "MH3G", 108, now(), now()),
 (9, "MH3", 108, now(), now()),
 (10, "MH4", 108, now(), now()),
 (11, "MH4G", 108, now(), now()),
 (7, "P3rd", 109, now(), now()),
 (8, "MH3G", 109, now(), now()),
 (9, "MH3", 109, now(), now()),
 (16, "MHR", 109, now(), now()),
 (17, "MHRS", 109, now(), now()),
 (7, "P3rd", 110, now(), now()),
 (8, "MH3G", 110, now(), now()),
 (12, "MHX", 110, now(), now()),
 (13, "MHXX", 110, now(), now()),
 (8, "MH3G", 111, now(), now()),
 (7, "P3rd", 112, now(), now()),
 (8, "MH3G", 112, now(), now()),
 (12, "MHX", 112, now(), now()),
 (13, "MHXX", 112, now(), now()),
 (7, "P3rd", 113, now(), now()),
 (8, "MH3G", 113, now(), now()),
 (10, "MH4", 113, now(), now()),
 (11, "MH4G", 113, now(), now()),
 (12, "MHX", 113, now(), now()),
 (13, "MHXX", 113, now(), now()),
 (15, "MHWI", 113, now(), now()),
 (16, "MHR", 113, now(), now()),
 (17, "MHRS", 113, now(), now()),
 (8, "MH3G", 114, now(), now()),
 (10, "MH4", 114, now(), now()),
 (11, "MH4G", 114, now(), now()),
 (15, "MHWI", 114, now(), now()),
 (12, "MHX", 115, now(), now()),
 (13, "MHXX", 115, now(), now()),
 (16, "MHR", 116, now(), now()),
 (17, "MHRS", 116, now(), now()),
 (7, "P3rd", 117, now(), now()),
 (12, "MHX", 117, now(), now()),
 (13, "MHXX", 117, now(), now()),
 (17, "MHRS", 117, now(), now()),
 (7, "P3rd", 118, now(), now()),
 (8, "MH3G", 118, now(), now()),
 (16, "MHR", 118, now(), now()),
 (17, "MHRS", 118, now(), now()),
 (7, "P3rd", 119, now(), now()),
 (8, "MH3G", 119, now(), now()),
 (12, "MHX", 119, now(), now()),
 (13, "MHXX", 119, now(), now()),
 (16, "MHR", 119, now(), now()),
 (17, "MHRS", 119, now(), now()),
 (12, "MHX", 120, now(), now()),
 (13, "MHXX", 120, now(), now()),
 (16, "MHR", 121, now(), now()),
 (17, "MHRS", 121, now(), now()),
 (7, "P3rd", 122, now(), now()),
 (8, "MH3G", 122, now(), now()),
 (10, "MH4", 122, now(), now()),
 (11, "MH4G", 122, now(), now()),
 (12, "MHX", 122, now(), now()),
 (13, "MHXX", 122, now(), now()),
 (16, "MHR", 122, now(), now()),
 (17, "MHRS", 122, now(), now()),
 (12, "MHX", 123, now(), now()),
 (13, "MHXX", 123, now(), now()),
 (7, "P3rd", 124, now(), now()),
 (8, "MH3G", 124, now(), now()),
 (12, "MHX", 124, now(), now()),
 (13, "MHXX", 124, now(), now()),
 (16, "MHR", 124, now(), now()),
 (17, "MHRS", 124, now(), now()),
 (8, "MH3G", 125, now(), now()),
 (10, "MH4", 125, now(), now()),
 (11, "MH4G", 125, now(), now()),
 (12, "MHX", 125, now(), now()),
 (13, "MHXX", 125, now(), now()),
 (15, "MHWI", 125, now(), now()),
 (11, "MH4G", 126, now(), now()),
 (13, "MHXX", 126, now(), now()),
 (15, "MHWI", 126, now(), now()),
 (8, "MH3G", 127, now(), now()),
 (10, "MH4", 128, now(), now()),
 (11, "MH4G", 128, now(), now()),
 (12, "MHX", 128, now(), now()),
 (13, "MHXX", 128, now(), now()),
 (11, "MH4G", 129, now(), now()),
 (10, "MH4", 130, now(), now()),
 (11, "MH4G", 130, now(), now()),
 (12, "MHX", 130, now(), now()),
 (13, "MHXX", 130, now(), now()),
 (11, "MH4G", 131, now(), now()),
 (12, "MHX", 132, now(), now()),
 (13, "MHXX", 132, now(), now()),
 (10, "MH4", 133, now(), now()),
 (11, "MH4G", 133, now(), now()),
 (12, "MHX", 133, now(), now()),
 (13, "MHXX", 133, now(), now()),
 (11, "MH4G", 134, now(), now()),
 (10, "MH4", 135, now(), now()),
 (11, "MH4G", 135, now(), now()),
 (12, "MHX", 135, now(), now()),
 (13, "MHXX", 135, now(), now()),
 (11, "MH4G", 136, now(), now()),
 (10, "MH4", 137, now(), now()),
 (11, "MH4G", 137, now(), now()),
 (12, "MHX", 137, now(), now()),
 (13, "MHXX", 137, now(), now()),
 (11, "MH4G", 138, now(), now()),
 (10, "MH4", 139, now(), now()),
 (11, "MH4G", 139, now(), now()),
 (13, "MHXX", 139, now(), now()),
 (11, "MH4G", 140, now(), now()),
 (10, "MH4", 141, now(), now()),
 (11, "MH4G", 141, now(), now()),
 (12, "MHX", 141, now(), now()),
 (13, "MHXX", 141, now(), now()),
 (17, "MHRS", 141, now(), now()),
 (11, "MH4G", 142, now(), now()),
 (13, "MHXX", 142, now(), now()),
 (17, "MHRS", 142, now(), now()),
 (10, "MH4", 143, now(), now()),
 (11, "MH4G", 143, now(), now()),
 (12, "MHX", 143, now(), now()),
 (13, "MHXX", 143, now(), now()),
 (17, "MHRS", 143, now(), now()),
 (17, "MHRS", 144, now(), now()),
 (10, "MH4", 145, now(), now()),
 (11, "MH4G", 145, now(), now()),
 (10, "MH4", 146, now(), now()),
 (11, "MH4G", 146, now(), now()),
 (11, "MH4G", 147, now(), now()),
 (10, "MH4", 148, now(), now()),
 (11, "MH4G", 148, now(), now()),
 (12, "MHX", 148, now(), now()),
 (13, "MHXX", 148, now(), now()),
 (11, "MH4G", 149, now(), now()),
 (11, "MH4G", 150, now(), now()),
 (12, "MHX", 150, now(), now()),
 (13, "MHXX", 150, now(), now()),
 (17, "MHRS", 150, now(), now()),
 (11, "MH4G", 151, now(), now()),
 (12, "MHX", 152, now(), now()),
 (13, "MHXX", 152, now(), now()),
 (13, "MHXX", 153, now(), now()),
 (12, "MHX", 154, now(), now()),
 (13, "MHXX", 154, now(), now()),
 (15, "MHWI", 154, now(), now()),
 (15, "MHWI", 155, now(), now()),
 (12, "MHX", 156, now(), now()),
 (13, "MHXX", 156, now(), now()),
 (12, "MHX", 157, now(), now()),
 (13, "MHXX", 157, now(), now()),
 (17, "MHRS", 157, now(), now()),
 (13, "MHXX", 158, now(), now()),
 (12, "MHX", 159, now(), now()),
 (13, "MHXX", 159, now(), now()),
 (16, "MHR", 159, now(), now()),
 (17, "MHRS", 159, now(), now()),
 (17, "MHRS", 160, now(), now()),
 (13, "MHXX", 161, now(), now()),
 (16, "MHR", 162, now(), now()),
 (17, "MHRS", 162, now(), now()),
 (12, "MHX", 163, now(), now()),
 (13, "MHXX", 163, now(), now()),
 (13, "MHXX", 164, now(), now()),
 (12, "MHX", 165, now(), now()),
 (13, "MHXX", 165, now(), now()),
 (12, "MHX", 166, now(), now()),
 (13, "MHXX", 166, now(), now()),
 (13, "MHXX", 167, now(), now()),
 (16, "MHR", 168, now(), now()),
 (17, "MHRS", 168, now(), now()),
 (17, "MHRS", 169, now(), now()),
 (13, "MHXX", 170, now(), now()),
 (13, "MHXX", 171, now(), now()),
 (16, "MHR", 172, now(), now()),
 (17, "MHRS", 172, now(), now()),
 (17, "MHRS", 173, now(), now()),
 (16, "MHR", 174, now(), now()),
 (17, "MHRS", 174, now(), now()),
 (17, "MHRS", 175, now(), now()),
 (16, "MHR", 176, now(), now()),
 (17, "MHRS", 176, now(), now()),
 (16, "MHR", 177, now(), now()),
 (17, "MHRS", 177, now(), now()),
 (16, "MHR", 178, now(), now()),
 (17, "MHRS", 178, now(), now()),
 (17, "MHRS", 179, now(), now()),
 (16, "MHR", 180, now(), now()),
 (17, "MHRS", 180, now(), now()),
 (17, "MHRS", 181, now(), now()),
 (16, "MHR", 182, now(), now()),
 (17, "MHRS", 182, now(), now()),
 (17, "MHRS", 183, now(), now()),
 (16, "MHR", 184, now(), now()),
 (17, "MHRS", 184, now(), now()),
 (16, "MHR", 185, now(), now()),
 (17, "MHRS", 185, now(), now()),
 (16, "MHR", 186, now(), now()),
 (17, "MHRS", 186, now(), now()),
 (16, "MHR", 187, now(), now()),
 (17, "MHRS", 187, now(), now()),
 (16, "MHR", 188, now(), now()),
 (17, "MHRS", 188, now(), now()),
 (14, "MHW", 189, now(), now()),
 (15, "MHWI", 189, now(), now()),
 (16, "MHR", 189, now(), now()),
 (17, "MHRS", 189, now(), now()),
 (15, "MHWI", 190, now(), now()),
 (14, "MHW", 191, now(), now()),
 (15, "MHWI", 191, now(), now()),
 (14, "MHW", 192, now(), now()),
 (15, "MHWI", 192, now(), now()),
 (16, "MHR", 192, now(), now()),
 (17, "MHRS", 192, now(), now()),
 (15, "MHWI", 193, now(), now()),
 (14, "MHW", 194, now(), now()),
 (15, "MHWI", 194, now(), now()),
 (15, "MHWI", 195, now(), now()),
 (15, "MHWI", 196, now(), now()),
 (14, "MHW", 197, now(), now()),
 (15, "MHWI", 197, now(), now()),
 (14, "MHW", 198, now(), now()),
 (15, "MHWI", 198, now(), now()),
 (14, "MHW", 199, now(), now()),
 (15, "MHWI", 199, now(), now()),
 (16, "MHR", 199, now(), now()),
 (17, "MHRS", 199, now(), now()),
 (14, "MHW", 200, now(), now()),
 (15, "MHWI", 200, now(), now()),
 (16, "MHR", 200, now(), now()),
 (17, "MHRS", 200, now(), now()),
 (14, "MHW", 201, now(), now()),
 (15, "MHWI", 201, now(), now()),
 (16, "MHR", 201, now(), now()),
 (17, "MHRS", 201, now(), now()),
 (15, "MHWI", 202, now(), now()),
 (14, "MHW", 203, now(), now()),
 (15, "MHWI", 203, now(), now()),
 (15, "MHWI", 204, now(), now()),
 (14, "MHW", 205, now(), now()),
 (15, "MHWI", 205, now(), now()),
 (15, "MHWI", 206, now(), now()),
 (14, "MHW", 207, now(), now()),
 (15, "MHWI", 207, now(), now()),
 (14, "MHW", 208, now(), now()),
 (15, "MHWI", 208, now(), now()),
 (15, "MHWI", 209, now(), now()),
 (14, "MHW", 210, now(), now()),
 (15, "MHWI", 210, now(), now()),
 (14, "MHW", 211, now(), now()),
 (15, "MHWI", 211, now(), now()),
 (15, "MHWI", 212, now(), now()),
 (14, "MHW", 213, now(), now()),
 (15, "MHWI", 213, now(), now()),
 (14, "MHW", 214, now(), now()),
 (15, "MHWI", 214, now(), now()),
 (14, "MHW", 215, now(), now()),
 (15, "MHWI", 215, now(), now()),
 (16, "MHR", 215, now(), now()),
 (17, "MHRS", 215, now(), now()),
 (15, "MHWI", 216, now(), now()),
 (17, "MHRS", 216, now(), now()),
 (14, "MHW", 217, now(), now()),
 (15, "MHWI", 217, now(), now()),
 (15, "MHWI", 218, now(), now()),
 (15, "MHWI", 219, now(), now()),
 (15, "MHWI", 220, now(), now()),
 (17, "MHRS", 220, now(), now()),
 (15, "MHWI", 221, now(), now()),
 (15, "MHWI", 222, now(), now()),
 (17, "MHRS", 223, now(), now()),
 (17, "MHRS", 224, now(), now()),
 (17, "MHRS", 225, now(), now()),
 (17, "MHRS", 226, now(), now()),
 (17, "MHRS", 227, now(), now()),
 (17, "MHRS", 228, now(), now()),
 (17, "MHRS", 229, now(), now());
-- ランキング
INSERT INTO ranking (ranking, vote_year, monster_id, created_at, updated_at) VALUES (78, "2024", 1, now(), now());
INSERT INTO ranking (ranking, vote_year, monster_id, created_at, updated_at) VALUES (119, "2024", 2, now(), now());
INSERT INTO ranking (ranking, vote_year, monster_id, created_at, updated_at) VALUES (113, "2024", 3, now(), now());
INSERT INTO ranking (ranking, vote_year, monster_id, created_at, updated_at) VALUES (137, "2024", 4, now(), now());
INSERT INTO ranking (ranking, vote_year, monster_id, created_at, updated_at) VALUES (177, "2024", 5, now(), now());
INSERT INTO ranking (ranking, vote_year, monster_id, created_at, updated_at) VALUES (21, "2024", 6, now(), now());
INSERT INTO ranking (ranking, vote_year, monster_id, created_at, updated_at) VALUES (112, "2024", 7, now(), now());
INSERT INTO ranking (ranking, vote_year, monster_id, created_at, updated_at) VALUES (74, "2024", 8, now(), now());
INSERT INTO ranking (ranking, vote_year, monster_id, created_at, updated_at) VALUES (66, "2024", 9, now(), now());
INSERT INTO ranking (ranking, vote_year, monster_id, created_at, updated_at) VALUES (149, "2024", 10, now(), now());
INSERT INTO ranking (ranking, vote_year, monster_id, created_at, updated_at) VALUES (32, "2024", 11, now(), now());
INSERT INTO ranking (ranking, vote_year, monster_id, created_at, updated_at) VALUES (132, "2024", 12, now(), now());
INSERT INTO ranking (ranking, vote_year, monster_id, created_at, updated_at) VALUES (167, "2024", 13, now(), now());
INSERT INTO ranking (ranking, vote_year, monster_id, created_at, updated_at) VALUES (206, "2024", 14, now(), now());
INSERT INTO ranking (ranking, vote_year, monster_id, created_at, updated_at) VALUES (139, "2024", 15, now(), now());
INSERT INTO ranking (ranking, vote_year, monster_id, created_at, updated_at) VALUES (140, "2024", 16, now(), now());
INSERT INTO ranking (ranking, vote_year, monster_id, created_at, updated_at) VALUES (109, "2024", 17, now(), now());
INSERT INTO ranking (ranking, vote_year, monster_id, created_at, updated_at) VALUES (147, "2024", 18, now(), now());
INSERT INTO ranking (ranking, vote_year, monster_id, created_at, updated_at) VALUES (72, "2024", 19, now(), now());
INSERT INTO ranking (ranking, vote_year, monster_id, created_at, updated_at) VALUES (101, "2024", 20, now(), now());
INSERT INTO ranking (ranking, vote_year, monster_id, created_at, updated_at) VALUES (36, "2024", 21, now(), now());
INSERT INTO ranking (ranking, vote_year, monster_id, created_at, updated_at) VALUES (178, "2024", 22, now(), now());
INSERT INTO ranking (ranking, vote_year, monster_id, created_at, updated_at) VALUES (35, "2024", 23, now(), now());
INSERT INTO ranking (ranking, vote_year, monster_id, created_at, updated_at) VALUES (204, "2024", 24, now(), now());
INSERT INTO ranking (ranking, vote_year, monster_id, created_at, updated_at) VALUES (145, "2024", 25, now(), now());
INSERT INTO ranking (ranking, vote_year, monster_id, created_at, updated_at) VALUES (221, "2024", 26, now(), now());
INSERT INTO ranking (ranking, vote_year, monster_id, created_at, updated_at) VALUES (91, "2024", 27, now(), now());
INSERT INTO ranking (ranking, vote_year, monster_id, created_at, updated_at) VALUES (181, "2024", 28, now(), now());
INSERT INTO ranking (ranking, vote_year, monster_id, created_at, updated_at) VALUES (39, "2024", 29, now(), now());
INSERT INTO ranking (ranking, vote_year, monster_id, created_at, updated_at) VALUES (100, "2024", 30, now(), now());
INSERT INTO ranking (ranking, vote_year, monster_id, created_at, updated_at) VALUES (61, "2024", 31, now(), now());
INSERT INTO ranking (ranking, vote_year, monster_id, created_at, updated_at) VALUES (146, "2024", 32, now(), now());
INSERT INTO ranking (ranking, vote_year, monster_id, created_at, updated_at) VALUES (8, "2024", 33, now(), now());
INSERT INTO ranking (ranking, vote_year, monster_id, created_at, updated_at) VALUES (77, "2024", 34, now(), now());
INSERT INTO ranking (ranking, vote_year, monster_id, created_at, updated_at) VALUES (15, "2024", 35, now(), now());
INSERT INTO ranking (ranking, vote_year, monster_id, created_at, updated_at) VALUES (154, "2024", 36, now(), now());
INSERT INTO ranking (ranking, vote_year, monster_id, created_at, updated_at) VALUES (217, "2024", 37, now(), now());
INSERT INTO ranking (ranking, vote_year, monster_id, created_at, updated_at) VALUES (227, "2024", 38, now(), now());
INSERT INTO ranking (ranking, vote_year, monster_id, created_at, updated_at) VALUES (183, "2024", 39, now(), now());
INSERT INTO ranking (ranking, vote_year, monster_id, created_at, updated_at) VALUES (83, "2024", 40, now(), now());
INSERT INTO ranking (ranking, vote_year, monster_id, created_at, updated_at) VALUES (118, "2024", 41, now(), now());
INSERT INTO ranking (ranking, vote_year, monster_id, created_at, updated_at) VALUES (0, "2024", 42, now(), now());
INSERT INTO ranking (ranking, vote_year, monster_id, created_at, updated_at) VALUES (134, "2024", 43, now(), now());
INSERT INTO ranking (ranking, vote_year, monster_id, created_at, updated_at) VALUES (0, "2024", 44, now(), now());
INSERT INTO ranking (ranking, vote_year, monster_id, created_at, updated_at) VALUES (0, "2024", 45, now(), now());
INSERT INTO ranking (ranking, vote_year, monster_id, created_at, updated_at) VALUES (157, "2024", 46, now(), now());
INSERT INTO ranking (ranking, vote_year, monster_id, created_at, updated_at) VALUES (0, "2024", 47, now(), now());
INSERT INTO ranking (ranking, vote_year, monster_id, created_at, updated_at) VALUES (0, "2024", 48, now(), now());
INSERT INTO ranking (ranking, vote_year, monster_id, created_at, updated_at) VALUES (122, "2024", 49, now(), now());
INSERT INTO ranking (ranking, vote_year, monster_id, created_at, updated_at) VALUES (192, "2024", 50, now(), now());
INSERT INTO ranking (ranking, vote_year, monster_id, created_at, updated_at) VALUES (191, "2024", 51, now(), now());
INSERT INTO ranking (ranking, vote_year, monster_id, created_at, updated_at) VALUES (216, "2024", 52, now(), now());
INSERT INTO ranking (ranking, vote_year, monster_id, created_at, updated_at) VALUES (57, "2024", 53, now(), now());
INSERT INTO ranking (ranking, vote_year, monster_id, created_at, updated_at) VALUES (24, "2024", 54, now(), now());
INSERT INTO ranking (ranking, vote_year, monster_id, created_at, updated_at) VALUES (47, "2024", 55, now(), now());
INSERT INTO ranking (ranking, vote_year, monster_id, created_at, updated_at) VALUES (0, "2024", 56, now(), now());
INSERT INTO ranking (ranking, vote_year, monster_id, created_at, updated_at) VALUES (0, "2024", 57, now(), now());
INSERT INTO ranking (ranking, vote_year, monster_id, created_at, updated_at) VALUES (62, "2024", 58, now(), now());
INSERT INTO ranking (ranking, vote_year, monster_id, created_at, updated_at) VALUES (168, "2024", 59, now(), now());
INSERT INTO ranking (ranking, vote_year, monster_id, created_at, updated_at) VALUES (96, "2024", 60, now(), now());
INSERT INTO ranking (ranking, vote_year, monster_id, created_at, updated_at) VALUES (59, "2024", 61, now(), now());
INSERT INTO ranking (ranking, vote_year, monster_id, created_at, updated_at) VALUES (0, "2024", 62, now(), now());
INSERT INTO ranking (ranking, vote_year, monster_id, created_at, updated_at) VALUES (124, "2024", 63, now(), now());
INSERT INTO ranking (ranking, vote_year, monster_id, created_at, updated_at) VALUES (53, "2024", 64, now(), now());
INSERT INTO ranking (ranking, vote_year, monster_id, created_at, updated_at) VALUES (116, "2024", 65, now(), now());
INSERT INTO ranking (ranking, vote_year, monster_id, created_at, updated_at) VALUES (111, "2024", 66, now(), now());
INSERT INTO ranking (ranking, vote_year, monster_id, created_at, updated_at) VALUES (23, "2024", 67, now(), now());
INSERT INTO ranking (ranking, vote_year, monster_id, created_at, updated_at) VALUES (123, "2024", 68, now(), now());
INSERT INTO ranking (ranking, vote_year, monster_id, created_at, updated_at) VALUES (0, "2024", 69, now(), now());
INSERT INTO ranking (ranking, vote_year, monster_id, created_at, updated_at) VALUES (0, "2024", 70, now(), now());
INSERT INTO ranking (ranking, vote_year, monster_id, created_at, updated_at) VALUES (44, "2024", 71, now(), now());
INSERT INTO ranking (ranking, vote_year, monster_id, created_at, updated_at) VALUES (193, "2024", 72, now(), now());
INSERT INTO ranking (ranking, vote_year, monster_id, created_at, updated_at) VALUES (176, "2024", 73, now(), now());
INSERT INTO ranking (ranking, vote_year, monster_id, created_at, updated_at) VALUES (180, "2024", 74, now(), now());
INSERT INTO ranking (ranking, vote_year, monster_id, created_at, updated_at) VALUES (7, "2024", 75, now(), now());
INSERT INTO ranking (ranking, vote_year, monster_id, created_at, updated_at) VALUES (182, "2024", 76, now(), now());
INSERT INTO ranking (ranking, vote_year, monster_id, created_at, updated_at) VALUES (54, "2024", 77, now(), now());
INSERT INTO ranking (ranking, vote_year, monster_id, created_at, updated_at) VALUES (84, "2024", 78, now(), now());
INSERT INTO ranking (ranking, vote_year, monster_id, created_at, updated_at) VALUES (107, "2024", 79, now(), now());
INSERT INTO ranking (ranking, vote_year, monster_id, created_at, updated_at) VALUES (82, "2024", 80, now(), now());
INSERT INTO ranking (ranking, vote_year, monster_id, created_at, updated_at) VALUES (86, "2024", 81, now(), now());
INSERT INTO ranking (ranking, vote_year, monster_id, created_at, updated_at) VALUES (209, "2024", 82, now(), now());
INSERT INTO ranking (ranking, vote_year, monster_id, created_at, updated_at) VALUES (94, "2024", 83, now(), now());
INSERT INTO ranking (ranking, vote_year, monster_id, created_at, updated_at) VALUES (187, "2024", 84, now(), now());
INSERT INTO ranking (ranking, vote_year, monster_id, created_at, updated_at) VALUES (70, "2024", 85, now(), now());
INSERT INTO ranking (ranking, vote_year, monster_id, created_at, updated_at) VALUES (200, "2024", 86, now(), now());
INSERT INTO ranking (ranking, vote_year, monster_id, created_at, updated_at) VALUES (89, "2024", 87, now(), now());
INSERT INTO ranking (ranking, vote_year, monster_id, created_at, updated_at) VALUES (40, "2024", 88, now(), now());
INSERT INTO ranking (ranking, vote_year, monster_id, created_at, updated_at) VALUES (0, "2024", 89, now(), now());
INSERT INTO ranking (ranking, vote_year, monster_id, created_at, updated_at) VALUES (120, "2024", 90, now(), now());
INSERT INTO ranking (ranking, vote_year, monster_id, created_at, updated_at) VALUES (201, "2024", 91, now(), now());
INSERT INTO ranking (ranking, vote_year, monster_id, created_at, updated_at) VALUES (158, "2024", 92, now(), now());
INSERT INTO ranking (ranking, vote_year, monster_id, created_at, updated_at) VALUES (229, "2024", 93, now(), now());
INSERT INTO ranking (ranking, vote_year, monster_id, created_at, updated_at) VALUES (199, "2024", 94, now(), now());
INSERT INTO ranking (ranking, vote_year, monster_id, created_at, updated_at) VALUES (3, "2024", 95, now(), now());
INSERT INTO ranking (ranking, vote_year, monster_id, created_at, updated_at) VALUES (97, "2024", 96, now(), now());
INSERT INTO ranking (ranking, vote_year, monster_id, created_at, updated_at) VALUES (12, "2024", 97, now(), now());
INSERT INTO ranking (ranking, vote_year, monster_id, created_at, updated_at) VALUES (138, "2024", 98, now(), now());
INSERT INTO ranking (ranking, vote_year, monster_id, created_at, updated_at) VALUES (190, "2024", 99, now(), now());
INSERT INTO ranking (ranking, vote_year, monster_id, created_at, updated_at) VALUES (114, "2024", 100, now(), now());
INSERT INTO ranking (ranking, vote_year, monster_id, created_at, updated_at) VALUES (92, "2024", 101, now(), now());
INSERT INTO ranking (ranking, vote_year, monster_id, created_at, updated_at) VALUES (165, "2024", 102, now(), now());
INSERT INTO ranking (ranking, vote_year, monster_id, created_at, updated_at) VALUES (10, "2024", 103, now(), now());
INSERT INTO ranking (ranking, vote_year, monster_id, created_at, updated_at) VALUES (98, "2024", 104, now(), now());
INSERT INTO ranking (ranking, vote_year, monster_id, created_at, updated_at) VALUES (0, "2024", 105, now(), now());
INSERT INTO ranking (ranking, vote_year, monster_id, created_at, updated_at) VALUES (67, "2024", 106, now(), now());
INSERT INTO ranking (ranking, vote_year, monster_id, created_at, updated_at) VALUES (143, "2024", 107, now(), now());
INSERT INTO ranking (ranking, vote_year, monster_id, created_at, updated_at) VALUES (68, "2024", 108, now(), now());
INSERT INTO ranking (ranking, vote_year, monster_id, created_at, updated_at) VALUES (224, "2024", 109, now(), now());
INSERT INTO ranking (ranking, vote_year, monster_id, created_at, updated_at) VALUES (121, "2024", 110, now(), now());
INSERT INTO ranking (ranking, vote_year, monster_id, created_at, updated_at) VALUES (222, "2024", 111, now(), now());
INSERT INTO ranking (ranking, vote_year, monster_id, created_at, updated_at) VALUES (129, "2024", 112, now(), now());
INSERT INTO ranking (ranking, vote_year, monster_id, created_at, updated_at) VALUES (1, "2024", 113, now(), now());
INSERT INTO ranking (ranking, vote_year, monster_id, created_at, updated_at) VALUES (11, "2024", 114, now(), now());
INSERT INTO ranking (ranking, vote_year, monster_id, created_at, updated_at) VALUES (58, "2024", 115, now(), now());
INSERT INTO ranking (ranking, vote_year, monster_id, created_at, updated_at) VALUES (130, "2024", 116, now(), now());
INSERT INTO ranking (ranking, vote_year, monster_id, created_at, updated_at) VALUES (30, "2024", 117, now(), now());
INSERT INTO ranking (ranking, vote_year, monster_id, created_at, updated_at) VALUES (220, "2024", 118, now(), now());
INSERT INTO ranking (ranking, vote_year, monster_id, created_at, updated_at) VALUES (126, "2024", 119, now(), now());
INSERT INTO ranking (ranking, vote_year, monster_id, created_at, updated_at) VALUES (214, "2024", 120, now(), now());
INSERT INTO ranking (ranking, vote_year, monster_id, created_at, updated_at) VALUES (226, "2024", 121, now(), now());
INSERT INTO ranking (ranking, vote_year, monster_id, created_at, updated_at) VALUES (155, "2024", 122, now(), now());
INSERT INTO ranking (ranking, vote_year, monster_id, created_at, updated_at) VALUES (207, "2024", 123, now(), now());
INSERT INTO ranking (ranking, vote_year, monster_id, created_at, updated_at) VALUES (208, "2024", 124, now(), now());
INSERT INTO ranking (ranking, vote_year, monster_id, created_at, updated_at) VALUES (17, "2024", 125, now(), now());
INSERT INTO ranking (ranking, vote_year, monster_id, created_at, updated_at) VALUES (0, "2024", 126, now(), now());
INSERT INTO ranking (ranking, vote_year, monster_id, created_at, updated_at) VALUES (51, "2024", 127, now(), now());
INSERT INTO ranking (ranking, vote_year, monster_id, created_at, updated_at) VALUES (135, "2024", 128, now(), now());
INSERT INTO ranking (ranking, vote_year, monster_id, created_at, updated_at) VALUES (215, "2024", 129, now(), now());
INSERT INTO ranking (ranking, vote_year, monster_id, created_at, updated_at) VALUES (115, "2024", 130, now(), now());
INSERT INTO ranking (ranking, vote_year, monster_id, created_at, updated_at) VALUES (219, "2024", 131, now(), now());
INSERT INTO ranking (ranking, vote_year, monster_id, created_at, updated_at) VALUES (173, "2024", 132, now(), now());
INSERT INTO ranking (ranking, vote_year, monster_id, created_at, updated_at) VALUES (81, "2024", 133, now(), now());
INSERT INTO ranking (ranking, vote_year, monster_id, created_at, updated_at) VALUES (205, "2024", 134, now(), now());
INSERT INTO ranking (ranking, vote_year, monster_id, created_at, updated_at) VALUES (131, "2024", 135, now(), now());
INSERT INTO ranking (ranking, vote_year, monster_id, created_at, updated_at) VALUES (186, "2024", 136, now(), now());
INSERT INTO ranking (ranking, vote_year, monster_id, created_at, updated_at) VALUES (104, "2024", 137, now(), now());
INSERT INTO ranking (ranking, vote_year, monster_id, created_at, updated_at) VALUES (0, "2024", 138, now(), now());
INSERT INTO ranking (ranking, vote_year, monster_id, created_at, updated_at) VALUES (108, "2024", 139, now(), now());
INSERT INTO ranking (ranking, vote_year, monster_id, created_at, updated_at) VALUES (179, "2024", 140, now(), now());
INSERT INTO ranking (ranking, vote_year, monster_id, created_at, updated_at) VALUES (5, "2024", 141, now(), now());
INSERT INTO ranking (ranking, vote_year, monster_id, created_at, updated_at) VALUES (0, "2024", 142, now(), now());
INSERT INTO ranking (ranking, vote_year, monster_id, created_at, updated_at) VALUES (19, "2024", 143, now(), now());
INSERT INTO ranking (ranking, vote_year, monster_id, created_at, updated_at) VALUES (0, "2024", 144, now(), now());
INSERT INTO ranking (ranking, vote_year, monster_id, created_at, updated_at) VALUES (151, "2024", 145, now(), now());
INSERT INTO ranking (ranking, vote_year, monster_id, created_at, updated_at) VALUES (29, "2024", 146, now(), now());
INSERT INTO ranking (ranking, vote_year, monster_id, created_at, updated_at) VALUES (0, "2024", 147, now(), now());
INSERT INTO ranking (ranking, vote_year, monster_id, created_at, updated_at) VALUES (172, "2024", 148, now(), now());
INSERT INTO ranking (ranking, vote_year, monster_id, created_at, updated_at) VALUES (228, "2024", 149, now(), now());
INSERT INTO ranking (ranking, vote_year, monster_id, created_at, updated_at) VALUES (60, "2024", 150, now(), now());
INSERT INTO ranking (ranking, vote_year, monster_id, created_at, updated_at) VALUES (28, "2024", 151, now(), now());
INSERT INTO ranking (ranking, vote_year, monster_id, created_at, updated_at) VALUES (102, "2024", 152, now(), now());
INSERT INTO ranking (ranking, vote_year, monster_id, created_at, updated_at) VALUES (127, "2024", 153, now(), now());
INSERT INTO ranking (ranking, vote_year, monster_id, created_at, updated_at) VALUES (25, "2024", 154, now(), now());
INSERT INTO ranking (ranking, vote_year, monster_id, created_at, updated_at) VALUES (136, "2024", 155, now(), now());
INSERT INTO ranking (ranking, vote_year, monster_id, created_at, updated_at) VALUES (37, "2024", 156, now(), now());
INSERT INTO ranking (ranking, vote_year, monster_id, created_at, updated_at) VALUES (45, "2024", 157, now(), now());
INSERT INTO ranking (ranking, vote_year, monster_id, created_at, updated_at) VALUES (26, "2024", 158, now(), now());
INSERT INTO ranking (ranking, vote_year, monster_id, created_at, updated_at) VALUES (14, "2024", 159, now(), now());
INSERT INTO ranking (ranking, vote_year, monster_id, created_at, updated_at) VALUES (63, "2024", 160, now(), now());
INSERT INTO ranking (ranking, vote_year, monster_id, created_at, updated_at) VALUES (48, "2024", 161, now(), now());
INSERT INTO ranking (ranking, vote_year, monster_id, created_at, updated_at) VALUES (163, "2024", 162, now(), now());
INSERT INTO ranking (ranking, vote_year, monster_id, created_at, updated_at) VALUES (85, "2024", 163, now(), now());
INSERT INTO ranking (ranking, vote_year, monster_id, created_at, updated_at) VALUES (133, "2024", 164, now(), now());
INSERT INTO ranking (ranking, vote_year, monster_id, created_at, updated_at) VALUES (79, "2024", 165, now(), now());
INSERT INTO ranking (ranking, vote_year, monster_id, created_at, updated_at) VALUES (144, "2024", 166, now(), now());
INSERT INTO ranking (ranking, vote_year, monster_id, created_at, updated_at) VALUES (4, "2024", 167, now(), now());
INSERT INTO ranking (ranking, vote_year, monster_id, created_at, updated_at) VALUES (0, "2024", 168, now(), now());
INSERT INTO ranking (ranking, vote_year, monster_id, created_at, updated_at) VALUES (0, "2024", 169, now(), now());
INSERT INTO ranking (ranking, vote_year, monster_id, created_at, updated_at) VALUES (95, "2024", 170, now(), now());
INSERT INTO ranking (ranking, vote_year, monster_id, created_at, updated_at) VALUES (34, "2024", 171, now(), now());
INSERT INTO ranking (ranking, vote_year, monster_id, created_at, updated_at) VALUES (56, "2024", 172, now(), now());
INSERT INTO ranking (ranking, vote_year, monster_id, created_at, updated_at) VALUES (0, "2024", 173, now(), now());
INSERT INTO ranking (ranking, vote_year, monster_id, created_at, updated_at) VALUES (189, "2024", 174, now(), now());
INSERT INTO ranking (ranking, vote_year, monster_id, created_at, updated_at) VALUES (218, "2024", 175, now(), now());
INSERT INTO ranking (ranking, vote_year, monster_id, created_at, updated_at) VALUES (185, "2024", 176, now(), now());
INSERT INTO ranking (ranking, vote_year, monster_id, created_at, updated_at) VALUES (142, "2024", 177, now(), now());
INSERT INTO ranking (ranking, vote_year, monster_id, created_at, updated_at) VALUES (197, "2024", 178, now(), now());
INSERT INTO ranking (ranking, vote_year, monster_id, created_at, updated_at) VALUES (225, "2024", 179, now(), now());
INSERT INTO ranking (ranking, vote_year, monster_id, created_at, updated_at) VALUES (152, "2024", 180, now(), now());
INSERT INTO ranking (ranking, vote_year, monster_id, created_at, updated_at) VALUES (188, "2024", 181, now(), now());
INSERT INTO ranking (ranking, vote_year, monster_id, created_at, updated_at) VALUES (161, "2024", 182, now(), now());
INSERT INTO ranking (ranking, vote_year, monster_id, created_at, updated_at) VALUES (212, "2024", 183, now(), now());
INSERT INTO ranking (ranking, vote_year, monster_id, created_at, updated_at) VALUES (184, "2024", 184, now(), now());
INSERT INTO ranking (ranking, vote_year, monster_id, created_at, updated_at) VALUES (93, "2024", 185, now(), now());
INSERT INTO ranking (ranking, vote_year, monster_id, created_at, updated_at) VALUES (202, "2024", 186, now(), now());
INSERT INTO ranking (ranking, vote_year, monster_id, created_at, updated_at) VALUES (210, "2024", 187, now(), now());
INSERT INTO ranking (ranking, vote_year, monster_id, created_at, updated_at) VALUES (0, "2024", 188, now(), now());
INSERT INTO ranking (ranking, vote_year, monster_id, created_at, updated_at) VALUES (106, "2024", 189, now(), now());
INSERT INTO ranking (ranking, vote_year, monster_id, created_at, updated_at) VALUES (150, "2024", 190, now(), now());
INSERT INTO ranking (ranking, vote_year, monster_id, created_at, updated_at) VALUES (125, "2024", 191, now(), now());
INSERT INTO ranking (ranking, vote_year, monster_id, created_at, updated_at) VALUES (64, "2024", 192, now(), now());
INSERT INTO ranking (ranking, vote_year, monster_id, created_at, updated_at) VALUES (175, "2024", 193, now(), now());
INSERT INTO ranking (ranking, vote_year, monster_id, created_at, updated_at) VALUES (2, "2024", 194, now(), now());
INSERT INTO ranking (ranking, vote_year, monster_id, created_at, updated_at) VALUES (0, "2024", 195, now(), now());
INSERT INTO ranking (ranking, vote_year, monster_id, created_at, updated_at) VALUES (16, "2024", 196, now(), now());
INSERT INTO ranking (ranking, vote_year, monster_id, created_at, updated_at) VALUES (43, "2024", 197, now(), now());
INSERT INTO ranking (ranking, vote_year, monster_id, created_at, updated_at) VALUES (148, "2024", 198, now(), now());
INSERT INTO ranking (ranking, vote_year, monster_id, created_at, updated_at) VALUES (88, "2024", 199, now(), now());
INSERT INTO ranking (ranking, vote_year, monster_id, created_at, updated_at) VALUES (195, "2024", 200, now(), now());
INSERT INTO ranking (ranking, vote_year, monster_id, created_at, updated_at) VALUES (69, "2024", 201, now(), now());
INSERT INTO ranking (ranking, vote_year, monster_id, created_at, updated_at) VALUES (164, "2024", 202, now(), now());
INSERT INTO ranking (ranking, vote_year, monster_id, created_at, updated_at) VALUES (103, "2024", 203, now(), now());
INSERT INTO ranking (ranking, vote_year, monster_id, created_at, updated_at) VALUES (194, "2024", 204, now(), now());
INSERT INTO ranking (ranking, vote_year, monster_id, created_at, updated_at) VALUES (76, "2024", 205, now(), now());
INSERT INTO ranking (ranking, vote_year, monster_id, created_at, updated_at) VALUES (117, "2024", 206, now(), now());
INSERT INTO ranking (ranking, vote_year, monster_id, created_at, updated_at) VALUES (203, "2024", 207, now(), now());
INSERT INTO ranking (ranking, vote_year, monster_id, created_at, updated_at) VALUES (41, "2024", 208, now(), now());
INSERT INTO ranking (ranking, vote_year, monster_id, created_at, updated_at) VALUES (90, "2024", 209, now(), now());
INSERT INTO ranking (ranking, vote_year, monster_id, created_at, updated_at) VALUES (174, "2024", 210, now(), now());
INSERT INTO ranking (ranking, vote_year, monster_id, created_at, updated_at) VALUES (55, "2024", 211, now(), now());
INSERT INTO ranking (ranking, vote_year, monster_id, created_at, updated_at) VALUES (0, "2024", 212, now(), now());
INSERT INTO ranking (ranking, vote_year, monster_id, created_at, updated_at) VALUES (31, "2024", 213, now(), now());
INSERT INTO ranking (ranking, vote_year, monster_id, created_at, updated_at) VALUES (49, "2024", 214, now(), now());
INSERT INTO ranking (ranking, vote_year, monster_id, created_at, updated_at) VALUES (52, "2024", 215, now(), now());
INSERT INTO ranking (ranking, vote_year, monster_id, created_at, updated_at) VALUES (0, "2024", 216, now(), now());
INSERT INTO ranking (ranking, vote_year, monster_id, created_at, updated_at) VALUES (162, "2024", 217, now(), now());
INSERT INTO ranking (ranking, vote_year, monster_id, created_at, updated_at) VALUES (223, "2024", 218, now(), now());
INSERT INTO ranking (ranking, vote_year, monster_id, created_at, updated_at) VALUES (156, "2024", 219, now(), now());
INSERT INTO ranking (ranking, vote_year, monster_id, created_at, updated_at) VALUES (6, "2024", 220, now(), now());
INSERT INTO ranking (ranking, vote_year, monster_id, created_at, updated_at) VALUES (18, "2024", 221, now(), now());
INSERT INTO ranking (ranking, vote_year, monster_id, created_at, updated_at) VALUES (80, "2024", 222, now(), now());
INSERT INTO ranking (ranking, vote_year, monster_id, created_at, updated_at) VALUES (38, "2024", 223, now(), now());
INSERT INTO ranking (ranking, vote_year, monster_id, created_at, updated_at) VALUES (0, "2024", 224, now(), now());
INSERT INTO ranking (ranking, vote_year, monster_id, created_at, updated_at) VALUES (87, "2024", 225, now(), now());
INSERT INTO ranking (ranking, vote_year, monster_id, created_at, updated_at) VALUES (159, "2024", 226, now(), now());
INSERT INTO ranking (ranking, vote_year, monster_id, created_at, updated_at) VALUES (141, "2024", 227, now(), now());
INSERT INTO ranking (ranking, vote_year, monster_id, created_at, updated_at) VALUES (46, "2024", 228, now(), now());
INSERT INTO ranking (ranking, vote_year, monster_id, created_at, updated_at) VALUES (99, "2024", 229, now(), now());